"state.country.isoCode";"state.id";"name";"population";"areaCode";"postalCode"
"GB";"ENG";"London";8907918;20;"EC1A"
"GB";"ENG";"London";8907918;20;"EC1M"
"GB";"ENG";"London";8907918;20;"EC1N"
"GB";"ENG";"London";8907918;20;"EC1R"
"GB";"ENG";"London";8907918;20;"EC1V"
"GB";"ENG";"London";8907918;20;"EC1Y"
"GB";"ENG";"London";8907918;20;"EC2A"
"GB";"ENG";"London";8907918;20;"EC2M"
"GB";"ENG";"London";8907918;20;"EC2N"
"GB";"ENG";"London";8907918;20;"EC2P"
"GB";"ENG";"London";8907918;20;"EC2R"
"GB";"ENG";"London";8907918;20;"EC2V"
"GB";"ENG";"London";8907918;20;"EC2Y"
"GB";"ENG";"London";8907918;20;"EC3A"
"GB";"ENG";"London";8907918;20;"EC3M"
"GB";"ENG";"London";8907918;20;"EC3N"
"GB";"ENG";"London";8907918;20;"EC3P"
"GB";"ENG";"London";8907918;20;"EC3V"
"GB";"ENG";"London";8907918;20;"EC4A"
"GB";"ENG";"London";8907918;20;"EC4M"
"GB";"ENG";"London";8907918;20;"EC4N"
"GB";"ENG";"London";8907918;20;"EC4R"
"GB";"ENG";"London";8907918;20;"EC4V"
"GB";"ENG";"London";8907918;20;"EC4Y"
"GB";"ENG";"London";8907918;20;"SW1E"
"GB";"ENG";"London";8907918;20;"SW1H"
"GB";"ENG";"London";8907918;20;"SW1P"
"GB";"ENG";"London";8907918;20;"SW1V"
"GB";"ENG";"London";8907918;20;"SW1W"
"GB";"ENG";"London";8907918;20;"SW1X"
"GB";"ENG";"London";8907918;20;"SW1Y"
"GB";"ENG";"London";8907918;20;"W1B"
"GB";"ENG";"London";8907918;20;"W1C"
"GB";"ENG";"London";8907918;20;"W1D"
"GB";"ENG";"London";8907918;20;"W1F"
"GB";"ENG";"London";8907918;20;"W1G"
"GB";"ENG";"London";8907918;20;"W1H"
"GB";"ENG";"London";8907918;20;"W1J"
"GB";"ENG";"London";8907918;20;"W1K"
"GB";"ENG";"London";8907918;20;"W1S"
"GB";"ENG";"London";8907918;20;"W1T"
"GB";"ENG";"London";8907918;20;"W1U"
"GB";"ENG";"London";8907918;20;"W1W"
"GB";"ENG";"London";8907918;20;"WC1A"
"GB";"ENG";"London";8907918;20;"WC1B"
"GB";"ENG";"London";8907918;20;"WC1E"
"GB";"ENG";"London";8907918;20;"WC1H"
"GB";"ENG";"London";8907918;20;"WC1N"
"GB";"ENG";"London";8907918;20;"WC1R"
"GB";"ENG";"London";8907918;20;"WC1V"
"GB";"ENG";"London";8907918;20;"WC1X"
"GB";"ENG";"London";8907918;20;"WC2A"
"GB";"ENG";"London";8907918;20;"WC2B"
"GB";"ENG";"London";8907918;20;"WC2E"
"GB";"ENG";"London";8907918;20;"WC2H"
"GB";"ENG";"London";8907918;20;"WC2N"
"GB";"ENG";"London";8907918;20;"WC2R"
"GB";"ENG";"Birmingham";1153717;121;"B1"
"GB";"ENG";"Birmingham";1153717;121;"B10"
"GB";"ENG";"Birmingham";1153717;121;"B11"
"GB";"ENG";"Birmingham";1153717;121;"B12"
"GB";"ENG";"Birmingham";1153717;121;"B16"
"GB";"ENG";"Birmingham";1153717;121;"B18"
"GB";"ENG";"Birmingham";1153717;121;"B19"
"GB";"ENG";"Birmingham";1153717;121;"B2"
"GB";"ENG";"Birmingham";1153717;121;"B20"
"GB";"ENG";"Birmingham";1153717;121;"B3"
"GB";"ENG";"Birmingham";1153717;121;"B34"
"GB";"ENG";"Birmingham";1153717;121;"B35"
"GB";"ENG";"Birmingham";1153717;121;"B4"
"GB";"ENG";"Birmingham";1153717;121;"B40"
"GB";"ENG";"Birmingham";1153717;121;"B5"
"GB";"ENG";"Birmingham";1153717;121;"B7"
"GB";"ENG";"Birmingham";1153717;121;"B9"
"GB";"ENG";"Birmingham";1153717;121;"B99"
"GB";"SCT";"Glasgow";612040;141;"G1"
"GB";"SCT";"Glasgow";612040;141;"G12"
"GB";"SCT";"Glasgow";612040;141;"G13"
"GB";"SCT";"Glasgow";612040;141;"G2"
"GB";"SCT";"Glasgow";612040;141;"G22"
"GB";"SCT";"Glasgow";612040;141;"G23"
"GB";"SCT";"Glasgow";612040;141;"G3"
"GB";"SCT";"Glasgow";612040;141;"G31"
"GB";"SCT";"Glasgow";612040;141;"G34"
"GB";"SCT";"Glasgow";612040;141;"G4"
"GB";"SCT";"Glasgow";612040;141;"G40"
"GB";"SCT";"Glasgow";612040;141;"G41"
"GB";"SCT";"Glasgow";612040;141;"G42"
"GB";"SCT";"Glasgow";612040;141;"G44"
"GB";"SCT";"Glasgow";612040;141;"G5"
"GB";"SCT";"Glasgow";612040;141;"G52"
"GB";"ENG";"Liverpool";579256;151;"L1"
"GB";"ENG";"Liverpool";579256;151;"L11"
"GB";"ENG";"Liverpool";579256;151;"L13"
"GB";"ENG";"Liverpool";579256;151;"L15"
"GB";"ENG";"Liverpool";579256;151;"L2"
"GB";"ENG";"Liverpool";579256;151;"L27"
"GB";"ENG";"Liverpool";579256;151;"L28"
"GB";"ENG";"Liverpool";579256;151;"L3"
"GB";"ENG";"Liverpool";579256;151;"L33"
"GB";"ENG";"Liverpool";579256;151;"L4"
"GB";"ENG";"Liverpool";579256;151;"L5"
"GB";"ENG";"Liverpool";579256;151;"L6"
"GB";"ENG";"Liverpool";579256;151;"L67"
"GB";"ENG";"Liverpool";579256;151;"L7"
"GB";"ENG";"Liverpool";579256;151;"L70"
"GB";"ENG";"Liverpool";579256;151;"L71"
"GB";"ENG";"Liverpool";579256;151;"L73"
"GB";"ENG";"Liverpool";579256;151;"L74"
"GB";"ENG";"Liverpool";579256;151;"L75"
"GB";"ENG";"Liverpool";579256;151;"L8"
"GB";"ENG";"Bristol";571922;117;"BS1"
"GB";"ENG";"Bristol";571922;117;"BS2"
"GB";"ENG";"Bristol";571922;117;"BS3"
"GB";"ENG";"Bristol";571922;117;"BS31"
"GB";"ENG";"Bristol";571922;117;"BS32"
"GB";"ENG";"Bristol";571922;117;"BS34"
"GB";"ENG";"Bristol";571922;117;"BS35"
"GB";"ENG";"Bristol";571922;117;"BS39"
"GB";"ENG";"Bristol";571922;117;"BS40"
"GB";"ENG";"Bristol";571922;117;"BS41"
"GB";"ENG";"Bristol";571922;117;"BS5"
"GB";"ENG";"Bristol";571922;117;"BS6"
"GB";"ENG";"Manchester";554400;161;"M1"
"GB";"ENG";"Manchester";554400;161;"M11"
"GB";"ENG";"Manchester";554400;161;"M14"
"GB";"ENG";"Manchester";554400;161;"M15"
"GB";"ENG";"Manchester";554400;161;"M16"
"GB";"ENG";"Manchester";554400;161;"M2"
"GB";"ENG";"Manchester";554400;161;"M3"
"GB";"ENG";"Manchester";554400;161;"M4"
"GB";"ENG";"Manchester";554400;161;"M40"
"GB";"ENG";"Manchester";554400;161;"M60"
"GB";"ENG";"Manchester";554400;161;"M61"
"GB";"ENG";"Manchester";554400;161;"M99"
"GB";"ENG";"Sheffield";544402;114;"S1"
"GB";"ENG";"Sheffield";544402;114;"S11"
"GB";"ENG";"Sheffield";544402;114;"S14"
"GB";"ENG";"Sheffield";544402;114;"S2"
"GB";"ENG";"Sheffield";544402;114;"S20"
"GB";"ENG";"Sheffield";544402;114;"S21"
"GB";"ENG";"Sheffield";544402;114;"S25"
"GB";"ENG";"Sheffield";544402;114;"S26"
"GB";"ENG";"Sheffield";544402;114;"S3"
"GB";"ENG";"Sheffield";544402;114;"S32"
"GB";"ENG";"Sheffield";544402;114;"S33"
"GB";"ENG";"Sheffield";544402;114;"S36"
"GB";"ENG";"Sheffield";544402;114;"S4"
"GB";"ENG";"Sheffield";544402;114;"S7"
"GB";"ENG";"Sheffield";544402;114;"S96"
"GB";"ENG";"Sheffield";544402;114;"S97"
"GB";"ENG";"Sheffield";544402;114;"S98"
"GB";"ENG";"Sheffield";544402;114;"S99"
"GB";"ENG";"Leeds";503388;113;"LS1"
"GB";"ENG";"Leeds";503388;113;"LS13"
"GB";"ENG";"Leeds";503388;113;"LS2"
"GB";"ENG";"Leeds";503388;113;"LS3"
"GB";"ENG";"Leeds";503388;113;"LS4"
"GB";"ENG";"Leeds";503388;113;"LS6"
"GB";"ENG";"Leeds";503388;113;"LS88"
"GB";"ENG";"Leeds";503388;113;"LS98"
"GB";"ENG";"Leeds";503388;113;"LS99"
"GB";"ENG";"Leeds";503388;113;"ME17"
"GB";"SCT";"Edinburgh";488050;131;"EH1"
"GB";"SCT";"Edinburgh";488050;131;"EH11"
"GB";"SCT";"Edinburgh";488050;131;"EH12"
"GB";"SCT";"Edinburgh";488050;131;"EH2"
"GB";"SCT";"Edinburgh";488050;131;"EH3"
"GB";"SCT";"Edinburgh";488050;131;"EH4"
"GB";"SCT";"Edinburgh";488050;131;"EH5"
"GB";"SCT";"Edinburgh";488050;131;"EH6"
"GB";"SCT";"Edinburgh";488050;131;"EH7"
"GB";"SCT";"Edinburgh";488050;131;"EH8"
"GB";"SCT";"Edinburgh";488050;131;"EH9"
"GB";"ENG";"Leicester";470965;116;"LE1"
"GB";"ENG";"Leicester";470965;116;"LE19"
"GB";"ENG";"Coventry";369127;24;"CV1"
"GB";"ENG";"Bradford";361046;1274;"BD1"
"GB";"ENG";"Bradford";361046;1274;"BD10"
"GB";"ENG";"Bradford";361046;1274;"BD2"
"GB";"ENG";"Bradford";361046;1274;"BD3"
"GB";"ENG";"Bradford";361046;1274;"BD5"
"GB";"ENG";"Bradford";361046;1274;"BD7"
"GB";"ENG";"Bradford";361046;1274;"BD8"
"GB";"ENG";"Bradford";361046;1274;"BD9"
"GB";"ENG";"Bradford";361046;1274;"BD97"
"GB";"ENG";"Bradford";361046;1274;"BD98"
"GB";"ENG";"Bradford";361046;1274;"BD99"
"GB";"ENG";"Bradford";361046;1274;"EX22"
"GB";"ENG";"Bradford";361046;1274;"NE70"
"GB";"WLS";"Cardiff";350558;29;"CF10"
"GB";"WLS";"Cardiff";350558;29;"CF11"
"GB";"WLS";"Cardiff";350558;29;"CF14"
"GB";"WLS";"Cardiff";350558;29;"CF15"
"GB";"WLS";"Cardiff";350558;29;"CF23"
"GB";"WLS";"Cardiff";350558;29;"CF24"
"GB";"NIR";"Belfast";328937;28;"BT1"
"GB";"NIR";"Belfast";328937;28;"BT10"
"GB";"NIR";"Belfast";328937;28;"BT11"
"GB";"NIR";"Belfast";328937;28;"BT12"
"GB";"NIR";"Belfast";328937;28;"BT13"
"GB";"NIR";"Belfast";328937;28;"BT14"
"GB";"NIR";"Belfast";328937;28;"BT15"
"GB";"NIR";"Belfast";328937;28;"BT16"
"GB";"NIR";"Belfast";328937;28;"BT17"
"GB";"NIR";"Belfast";328937;28;"BT2"
"GB";"NIR";"Belfast";328937;28;"BT29"
"GB";"NIR";"Belfast";328937;28;"BT3"
"GB";"NIR";"Belfast";328937;28;"BT4"
"GB";"NIR";"Belfast";328937;28;"BT5"
"GB";"NIR";"Belfast";328937;28;"BT6"
"GB";"NIR";"Belfast";328937;28;"BT7"
"GB";"NIR";"Belfast";328937;28;"BT8"
"GB";"NIR";"Belfast";328937;28;"BT9"
"GB";"ENG";"Nottingham";311823;115;"NG1"
"GB";"ENG";"Nottingham";311823;115;"NG3"
"GB";"ENG";"Nottingham";311823;115;"NG7"
"GB";"ENG";"Kingston upon Hull";288671;1482;"HU1"
"GB";"ENG";"Newcastle upon Tyne";281842;191;"NE1"
"GB";"ENG";"Newcastle upon Tyne";281842;191;"NE98"
"GB";"ENG";"Stoke-on-Trent";277051;1782;"ST4"
"GB";"ENG";"Southampton";269231;23;"SO15"
"GB";"ENG";"Derby";263933;1332;"DE1"
"GB";"ENG";"Portsmouth";248479;23;"PO5"
"GB";"ENG";"Brighton";241999;1273;"BN2"
"GB";"ENG";"Brighton";241999;1273;"TR2"
"GB";"ENG";"Plymouth";241179;1752;"PL2"
"GB";"ENG";"Plymouth";241179;1752;"PL4"
"GB";"ENG";"Northampton";229815;1604;"NN1"
"GB";"ENG";"Reading";229274;118;"RG1"
"GB";"ENG";"Reading";229274;118;"RG30"
"GB";"ENG";"Reading";229274;118;"RG6"
"GB";"ENG";"Luton";222907;1582;"EX14"
"GB";"ENG";"Luton";222907;1582;"LU1"
"GB";"ENG";"Luton";222907;1582;"ME5"
"GB";"ENG";"Luton";222907;1582;"TQ13"
"GB";"ENG";"Wolverhampton";218255;1902;"WV1"
"GB";"ENG";"Bolton";202369;1204;"BL1"
"GB";"ENG";"Bolton";202369;1204;"BL11"
"GB";"ENG";"Bolton";202369;1204;"BL78"
"GB";"ENG";"Bolton";202369;1204;"CA16"
"GB";"ENG";"Bolton";202369;1204;"NE66"
"GB";"SCT";"Aberdeen";200680;1224;"AB10"
"GB";"SCT";"Aberdeen";200680;1224;"AB11"
"GB";"SCT";"Aberdeen";200680;1224;"AB12"
"GB";"SCT";"Aberdeen";200680;1224;"AB13"
"GB";"SCT";"Aberdeen";200680;1224;"AB15"
"GB";"SCT";"Aberdeen";200680;1224;"AB16"
"GB";"SCT";"Aberdeen";200680;1224;"AB21"
"GB";"SCT";"Aberdeen";200680;1224;"AB24"
"GB";"SCT";"Aberdeen";200680;1224;"AB25"
"GB";"SCT";"Aberdeen";200680;1224;"AB39"
"GB";"ENG";"Bournemouth";198727;1202;"BH1"
"GB";"ENG";"Bournemouth";198727;1202;"BH10"
"GB";"ENG";"Bournemouth";198727;1202;"BH2"
"GB";"ENG";"Bournemouth";198727;1202;"BH7"
"GB";"ENG";"Norwich";195761;1603;"NR2"
"GB";"ENG";"Norwich";195761;1603;"NR3"
"GB";"ENG";"Norwich";195761;1603;"NR99"
"GB";"ENG";"Swindon";191314;1793;"DY3"
"GB";"ENG";"Swindon";191314;1793;"GL51"
"GB";"ENG";"Swindon";191314;1793;"SN1"
"GB";"ENG";"Swindon";191314;1793;"SN25"
"GB";"ENG";"Swindon";191314;1793;"SN26"
"GB";"ENG";"Swindon";191314;1793;"SN38"
"GB";"ENG";"Swindon";191314;1793;"SN99"
"GB";"WLS";"Swansea";184436;1792;"SA1"
"GB";"ENG";"Milton Keynes";184105;1908;"MK1"
"GB";"ENG";"Milton Keynes";184105;1908;"MK4"
"GB";"ENG";"Milton Keynes";184105;1908;"MK6"
"GB";"ENG";"Milton Keynes";184105;1908;"MK8"
"GB";"ENG";"Milton Keynes";184105;1908;"MK9"
"GB";"ENG";"Southend-on-Sea";183809;1702;"SS1"
"GB";"ENG";"Southend-on-Sea";183809;1702;"SS22"
"GB";"ENG";"Southend-on-Sea";183809;1702;"SS99"
"GB";"ENG";"Middlesbrough";176991;1642;"TS1"
"GB";"ENG";"Middlesbrough";176991;1642;"TS4"
"GB";"ENG";"Peterborough";175680;1733;"PE1"
"GB";"ENG";"Sunderland";175031;191;"CA13"
"GB";"ENG";"Sunderland";175031;191;"NE85"
"GB";"ENG";"Sunderland";175031;191;"SR1"
"GB";"ENG";"Sunderland";175031;191;"SR9"
"GB";"ENG";"Warrington";172068;1925;"MK46"
"GB";"ENG";"Warrington";172068;1925;"WA1"
"GB";"ENG";"Warrington";172068;1925;"WA55"
"GB";"ENG";"Huddersfield";170269;1484;"HD1"
"GB";"ENG";"Huddersfield";170269;1484;"HD2"
"GB";"ENG";"Slough";164046;1753;"SL1"
"GB";"ENG";"Slough";164046;1753;"SL95"
"GB";"ENG";"Oxford";163967;1865;"OX1"
"GB";"ENG";"York";161994;1904;"YO1"
"GB";"ENG";"York";161994;1904;"YO10"
"GB";"ENG";"York";161994;1904;"YO24"
"GB";"ENG";"York";161994;1904;"YO31"
"GB";"ENG";"York";161994;1904;"YO90"
"GB";"ENG";"Poole";158762;1202;"BH15"
"GB";"ENG";"Ipswich";150334;1473;"IP1"
"GB";"ENG";"Ipswich";150334;1473;"IP3"
"GB";"ENG";"Ipswich";150334;1473;"IP4"
"GB";"ENG";"Telford";149377;1952;"TF3"
"GB";"ENG";"Cambridge";149023;1223;"CB21"
"GB";"ENG";"Cambridge";149023;1223;"CB22"
"GB";"ENG";"Cambridge";149023;1223;"CB23"
"GB";"ENG";"Cambridge";149023;1223;"CB24"
"GB";"ENG";"Cambridge";149023;1223;"CB5"
"GB";"ENG";"Cambridge";149023;1223;"GL2"
"GB";"SCT";"Dundee";148280;1382;"DD1"
"GB";"ENG";"Gloucester";146667;1452;"GL1"
"GB";"ENG";"Blackpool";145722;1253;"FY1"
"GB";"ENG";"Birkenhead";144756;151;"CH41"
"GB";"ENG";"Birkenhead";144756;151;"CH42"
"GB";"ENG";"Watford";140902;1923;"NN6"
"GB";"ENG";"Watford";140902;1923;"WD1"
"GB";"ENG";"Watford";140902;1923;"WD17"
"GB";"ENG";"Watford";140902;1923;"WD18"
"GB";"ENG";"Watford";140902;1923;"WD19"
"GB";"ENG";"Watford";140902;1923;"WD24"
"GB";"ENG";"Watford";140902;1923;"WD25"
"GB";"ENG";"Watford";140902;1923;"WD99"
"GB";"ENG";"Sale";137915;161;"M33"
"GB";"ENG";"Colchester";134176;1206;"CO1"
"GB";"WLS";"Newport";133353;1633;"NP10"
"GB";"WLS";"Newport";133353;1633;"NP11"
"GB";"WLS";"Newport";133353;1633;"NP18"
"GB";"WLS";"Newport";133353;1633;"NP19"
"GB";"WLS";"Newport";133353;1633;"NP20"
"GB";"WLS";"Newport";133353;1633;"SA42"
"GB";"ENG";"Solihull";127289;121;"B91"
"GB";"ENG";"High Wycombe";124073;1494;"HP13"
"GB";"ENG";"Exeter";123379;1392;"EX2"
"GB";"ENG";"Gateshead";122088;191;"DH98"
"GB";"ENG";"Gateshead";122088;191;"NE8"
"GB";"ENG";"Gateshead";122088;191;"NE82"
"GB";"ENG";"Gateshead";122088;191;"NE83"
"GB";"ENG";"Gateshead";122088;191;"NE85"
"GB";"ENG";"Gateshead";122088;191;"NE88"
"GB";"ENG";"Gateshead";122088;191;"NE92"
"GB";"ENG";"Gateshead";122088;191;"NE98"
"GB";"ENG";"Blackburn";119707;1254;"BB1"
"GB";"ENG";"Cheltenham";117843;1242;"GL50"
"GB";"ENG";"Cheltenham";117843;1242;"GL52"
"GB";"ENG";"Maidstone";117626;1622;"ME14"
"GB";"ENG";"Maidstone";117626;1622;"ME99"
"GB";"ENG";"Chelmsford";116997;1245;"CM1"
"GB";"ENG";"Chelmsford";116997;1245;"CM99"
"GB";"ENG";"Salford";116361;161;"M5"
"GB";"ENG";"Salford";116361;161;"M50"
"GB";"ENG";"Salford";116361;161;"M6"
"GB";"ENG";"Salford";116361;161;"MK17"
"GB";"ENG";"Salford";116361;161;"OX7"
"GB";"ENG";"Basildon";115269;1268;"RG8"
"GB";"ENG";"Basildon";115269;1268;"SS14"
"GB";"ENG";"Doncaster";114900;1302;"DN1"
"GB";"ENG";"Doncaster";114900;1302;"DN2"
"GB";"ENG";"Doncaster";114900;1302;"DN55"
"GB";"ENG";"Basingstoke";114329;1256;"RG21"
"GB";"ENG";"Worthing";114212;1903;"BN11"
"GB";"ENG";"Worthing";114212;1903;"BN99"
"GB";"ENG";"Worthing";114212;1903;"NR20"
"GB";"ENG";"Eastbourne";113646;1323;"BN21"
"GB";"ENG";"Eastbourne";113646;1323;"DL1"
"GB";"ENG";"Crawley";111856;1293;"OX8"
"GB";"ENG";"Crawley";111856;1293;"RH11"
"GB";"ENG";"Crawley";111856;1293;"RH77"
"GB";"ENG";"Crawley";111856;1293;"SO21"
"GB";"ENG";"Rochdale";111733;1706;"OL16"
"GB";"ENG";"Rotherham";110751;1709;"S60"
"GB";"ENG";"Rotherham";110751;1709;"S95"
"GB";"ENG";"Rotherham";110751;1709;"S97"
"GB";"ENG";"Stockport";110000;161;"SK1"
"GB";"ENG";"Stockport";110000;161;"SK3"
"GB";"ENG";"Gillingham";108880;1634;"ME7"
"GB";"ENG";"Gillingham";108880;1634;"NR34"
"GB";"ENG";"Gillingham";108880;1634;"SP8"
"GB";"ENG";"Sutton Coldfield";108330;121;"B73"
"GB";"ENG";"Sutton Coldfield";108330;121;"B74"
"GB";"ENG";"Woking";107611;1483;"GU22"
"GB";"ENG";"Wigan";106686;1942;"WN1"
"GB";"ENG";"Lincoln";105447;1522;"LN2"
"GB";"ENG";"Oldham";105402;161;"OL1"
"GB";"ENG";"Oldham";105402;161;"OL95"
"GB";"ENG";"Wakefield";104757;1924;"WF1"
"GB";"ENG";"Wakefield";104757;1924;"WF90"
"GB";"ENG";"St Helens";104641;1744;"PO33"
"GB";"ENG";"St Helens";104641;1744;"WA10"
"GB";"ENG";"Worcester";103769;1905;"WR1"
"GB";"ENG";"Worcester";103769;1905;"WR99"
"GB";"ENG";"Hemel Hempstead";101849;1442;"HP3"
"GB";"ENG";"Bath";101106;1225;"BA1"
"GB";"ENG";"Preston";99198;1772;"BN1"
"GB";"ENG";"Preston";99198;1772;"CO10"
"GB";"ENG";"Preston";99198;1772;"CT3"
"GB";"ENG";"Preston";99198;1772;"DT3"
"GB";"ENG";"Preston";99198;1772;"GL7"
"GB";"ENG";"Preston";99198;1772;"HR8"
"GB";"ENG";"Preston";99198;1772;"HU12"
"GB";"ENG";"Preston";99198;1772;"LE15"
"GB";"ENG";"Preston";99198;1772;"ME13"
"GB";"ENG";"Preston";99198;1772;"NE30"
"GB";"ENG";"Preston";99198;1772;"NE67"
"GB";"ENG";"Preston";99198;1772;"PR0"
"GB";"ENG";"Preston";99198;1772;"PR1"
"GB";"ENG";"Preston";99198;1772;"PR11"
"GB";"ENG";"Preston";99198;1772;"SG4"
"GB";"ENG";"Preston";99198;1772;"SN15"
"GB";"ENG";"Preston";99198;1772;"TQ12"
"GB";"ENG";"Barnsley";96878;1226;"GL7"
"GB";"ENG";"Barnsley";96878;1226;"S70"
"GB";"ENG";"Stevenage";93944;1438;"SG1"
"GB";"ENG";"Hastings";93592;1424;"TN34"
"GB";"ENG";"Southport";93426;1704;"PR8"
"GB";"ENG";"Darlington";92988;1325;"DL3"
"GB";"ENG";"Darlington";92988;1325;"DL98"
"GB";"ENG";"Bedford";92405;1234;"MK40"
"GB";"ENG";"Halifax";91338;1422;"HX1"
"GB";"ENG";"Hartlepool";89610;1429;"TS24"
"GB";"ENG";"Chesterfield";89181;1246;"S40"
"GB";"ENG";"Chesterfield";89181;1246;"S49"
"GB";"ENG";"Chesterfield";89181;1246;"WS14"
"GB";"ENG";"Nuneaton";89001;24;"CV11"
"GB";"ENG";"Grimsby";88500;1472;"DN32"
"GB";"ENG";"Grimsby";88500;1472;"DN34"
"GB";"ENG";"Grimsby";88500;1472;"DN41"
"GB";"ENG";"Weston-super-Mare";87983;1934;"BS23"
"GB";"ENG";"Weston-super-Mare";87983;1934;"BS80"
"GB";"ENG";"Chester";87593;1244;"CH1"
"GB";"ENG";"St Albans";86961;1727;"AL1"
"GB";"ENG";"St Albans";86961;1727;"AL3"
"GB";"ENG";"Harlow";86321;1279;"CM17"
"GB";"ENG";"Harlow";86321;1279;"CM18"
"GB";"ENG";"Harlow";86321;1279;"CM92"
"GB";"ENG";"Guildford";85208;1483;"GU1"
"GB";"ENG";"Aylesbury";84890;1296;"HP19"
"GB";"ENG";"Aylesbury";84890;1296;"HP20"
"GB";"ENG";"Stockton-on-Tees";84290;1642;"TS19"
"GB";"ENG";"Dudley";83608;1384;"DY1"
"GB";"ENG";"Dudley";83608;1384;"NE23"
"GB";"ENG";"Bracknell";83491;1344;"RG12"
"GB";"ENG";"Bracknell";83491;1344;"RG42"
"GB";"NIR";"Derry (Londonderry)";83125;28;"BT47"
"GB";"ENG";"Redditch";82974;1527;"B97"
"GB";"ENG";"Batley";82873;1924;"WF17"
"GB";"ENG";"Scunthorpe";82472;1724;"DN15"
"GB";"ENG";"Burnley";82149;1282;"BB11"
"GB";"ENG";"Eastleigh";82062;23;"EX39"
"GB";"ENG";"Eastleigh";82062;23;"SO50"
"GB";"ENG";"Eastleigh";82062;23;"SO97"
"GB";"ENG";"Mansfield";81816;1623;"NG18"
"GB";"ENG";"Mansfield";81816;1623;"NG70"
"GB";"ENG";"Chatham";80039;1634;"ME4"
"GB";"ENG";"Bury";79647;1635;"BL9"
"GB";"ENG";"Bury";79647;1635;"RH20"
"GB";"ENG";"Bury";79647;1635;"TA22"
"GB";"ENG";"Newcastle-under-Lyme";78919;1782;"ST5"
"GB";"ENG";"Newcastle-under-Lyme";78919;1782;"ST55"
"GB";"ENG";"West Bromwich";77997;121;"B70"
"GB";"SCT";"Paisley";77220;141;"PA1"
"GB";"SCT";"Paisley";77220;141;"PA2"
"GB";"ENG";"South Shields";76498;191;"NE33"
"GB";"ENG";"Burton upon Trent";75931;1283;"DE14"
"GB";"ENG";"Rugby";75128;1788;"CV21"
"GB";"SCT";"East Kilbride";75120;1355;"G74"
"GB";"ENG";"Carlisle";74915;1228;"CA1"
"GB";"ENG";"Carlisle";74915;1228;"CA99"
"GB";"ENG";"Harrogate";74426;1423;"HG1"
"GB";"ENG";"Harrogate";74426;1423;"HG2"
"GB";"ENG";"Gosport";73996;23;"PO12"
"GB";"ENG";"Grays";73892;1375;"RM17"
"GB";"ENG";"Shrewsbury";73838;1743;"SY1"
"GB";"ENG";"Shrewsbury";73838;1743;"SY99"
"GB";"ENG";"Ashford";73753;1233;"EX31"
"GB";"ENG";"Ashford";73753;1233;"SP6"
"GB";"ENG";"Ashford";73753;1233;"TN24"
"GB";"ENG";"Ashford";73753;1233;"TQ7"
"GB";"ENG";"Ashford";73753;1233;"TW15"
"GB";"ENG";"Tamworth";73716;1827;"B79"
"GB";"ENG";"Crewe";73578;1270;"CH3"
"GB";"ENG";"Crewe";73578;1270;"CW1"
"GB";"ENG";"Crewe";73578;1270;"CW98"
"GB";"ENG";"Lowestoft";73315;1502;"NR32"
"GB";"ENG";"Atherton";72176;1942;"M46"
"GB";"ENG";"Walsall";71655;1922;"WS1"
"GB";"ENG";"Walsall";71655;1922;"WS2"
"GB";"ENG";"Walsall";71655;1922;"WS5"
"GB";"ENG";"Stafford";70447;1785;"ST16"
"GB";"ENG";"Cannock";69473;1543;"WS11"
"GB";"ENG";"Bognor Regis";69345;1243;"PO21"
"GB";"ENG";"Walton-on-Thames";68645;1932;"KT12"
"GB";"ENG";"Tynemouth";68530;191;"NE30"
"GB";"ENG";"Bamber Bridge";68368;1772;"PR5"
"GB";"ENG";"Maidenhead";67441;1628;"SL6"
"GB";"ENG";"Washington";67044;191;"NE37"
"GB";"ENG";"Washington";67044;191;"NE38"
"GB";"ENG";"Washington";67044;191;"RH20"
"GB";"ENG";"Paignton";66878;1803;"TQ3"
"GB";"ENG";"Filton";66706;117;"BS80"
"GB";"ENG";"Rochester";66452;1634;"ME1"
"GB";"ENG";"Rochester";66452;1634;"NE19"
"GB";"ENG";"Farnborough";66402;1252;"BR6"
"GB";"ENG";"Farnborough";66402;1252;"GU11"
"GB";"ENG";"Farnborough";66402;1252;"OX12"
"GB";"ENG";"Farnborough";66402;1252;"OX17"
"GB";"ENG";"Dewsbury";65935;1924;"WF12"
"GB";"ENG";"Loughborough";65635;1509;"LE11"
"GB";"NIR";"Newtownabbey";65555;28;"BT36"
"GB";"NIR";"Newtownabbey";65555;28;"BT37"
"GB";"ENG";"Margate";64757;1843;"CT9"
"GB";"ENG";"Stourbridge";64246;1384;"DY8"
"GB";"NIR";"Craigavon";64193;28;"BT62"
"GB";"NIR";"Craigavon";64193;28;"BT63"
"GB";"NIR";"Craigavon";64193;28;"BT64"
"GB";"NIR";"Craigavon";64193;28;"BT65"
"GB";"NIR";"Craigavon";64193;28;"BT66"
"GB";"NIR";"Craigavon";64193;28;"BT67"
"GB";"ENG";"Hereford";63689;1432;"HR1"
"GB";"ENG";"Widnes";63365;151;"WA8"
"GB";"ENG";"Canterbury";62767;1227;"CT1"
"GB";"ENG";"Taunton";62479;1823;"TA1"
"GB";"ENG";"Runcorn";61723;1928;"WA7"
"GB";"WLS";"Wrexham";61548;1978;"LL13"
"GB";"ENG";"Scarborough";61525;1723;"YO11"
"GB";"NIR";"Bangor";61401;28;"BT19"
"GB";"NIR";"Bangor";61401;28;"BT20"
"GB";"ENG";"Ellesmere Port";61383;151;"CH65"
"GB";"ENG";"Ellesmere Port";61383;151;"CH66"
"GB";"ENG";"Wallasey";61043;151;"CH44"
"GB";"ENG";"Wallasey";61043;151;"CH45"
"GB";"ENG";"Corby";60576;1536;"NN17"
"GB";"ENG";"Royal Tunbridge Wells";60570;1892;"TN1"
"GB";"ENG";"Kettering";59564;1536;"NN16"
"GB";"ENG";"Halesowen";59299;121;"B63"
"GB";"ENG";"Aldershot";58562;1252;"GU12"
"GB";"ENG";"Littlehampton";58357;1903;"BN17"
"GB";"ENG";"Bebington";58055;151;"CH63"
"GB";"ENG";"Gravesend";58036;1474;"DA12"
"GB";"ENG";"Kidderminster";57697;1562;"DY10"
"GB";"SCT";"Livingston";57030;1506;"EH54"
"GB";"WLS";"Barry";56892;1446;"CF62"
"GB";"ENG";"Royal Leamington Spa";56732;1926;"CV32"
"GB";"ENG";"Macclesfield";56654;1625;"SK11"
"GB";"ENG";"Christchurch";56061;1202;"BH23"
"GB";"ENG";"Christchurch";56061;1202;"GL16"
"GB";"ENG";"Christchurch";56061;1202;"PE14"
"GB";"ENG";"Altrincham";55531;161;"WA14"
"GB";"ENG";"Weymouth";55174;1305;"DT3"
"GB";"ENG";"Weymouth";55174;1305;"DT4"
"GB";"ENG";"Brentwood";54885;1277;"CM14"
"GB";"SCT";"Hamilton";54080;1698;"ML3"
"GB";"ENG";"Ewell";53801;20;"KT17"
"GB";"ENG";"Clacton-on-Sea";53398;1255;"CO15"
"GB";"ENG";"Keighley";53252;1535;"BD21"
"GB";"ENG";"Beeston";53148;115;"CW6"
"GB";"ENG";"Beeston";53148;115;"LS11"
"GB";"ENG";"Beeston";53148;115;"NG9"
"GB";"ENG";"Beeston";53148;115;"PE32"
"GB";"ENG";"Beeston";53148;115;"SG19"
"GB";"SCT";"Dunfermline";53100;1383;"KY12"
"GB";"ENG";"Willenhall";53012;1902;"CV3"
"GB";"ENG";"Willenhall";53012;1902;"WV13"
"GB";"ENG";"Folkestone";52954;1303;"CT19"
"GB";"ENG";"Smethwick";52841;121;"B66"
"GB";"ENG";"Esher";52732;1372;"KT10"
"GB";"ENG";"Sittingbourne";52553;1795;"ME10"
"GB";"ENG";"Wellingborough";52441;1933;"NN8"
"GB";"ENG";"Bootle";51964;151;"L20"
"GB";"ENG";"Bootle";51964;151;"LA19"
"GB";"ENG";"Durham";51837;191;"DH1"
"GB";"ENG";"Welwyn Garden City";51264;1707;"AL8"
"GB";"ENG";"Bloxwich";51135;1922;"WS3"
"GB";"WLS";"Neath";50973;1639;"SA11"
"GB";"SCT";"Cumbernauld";50920;1236;"G67"
"GB";"ENG";"Kingswinford";50888;1384;"DY6"
"GB";"ENG";"Lancaster";50849;1524;"LA1"
"GB";"ENG";"Shoreham-by-Sea";50719;1273;"BN43"
"GB";"ENG";"Torquay";50645;1803;"TQ2"
"GB";"ENG";"Horsham";50399;1403;"RH12"
"GB";"ENG";"Horsham";50399;1403;"WR6"
"GB";"ENG";"Carlton";50257;115;"CB8"
"GB";"ENG";"Carlton";50257;115;"CV13"
"GB";"ENG";"Carlton";50257;115;"DL8"
"GB";"ENG";"Carlton";50257;115;"DN14"
"GB";"ENG";"Carlton";50257;115;"IP17"
"GB";"ENG";"Carlton";50257;115;"MK43"
"GB";"ENG";"Carlton";50257;115;"NG4"
"GB";"ENG";"Carlton";50257;115;"S71"
"GB";"ENG";"Carlton";50257;115;"TS21"
"GB";"ENG";"Carlton";50257;115;"WF3"
"GB";"SCT";"Kirkcaldy";50010;1592;"KY1"
"GB";"ENG";"Crosby";49887;151;"CA15"
"GB";"ENG";"Crosby";49887;151;"DN15"
"GB";"ENG";"Crosby";49887;151;"L23"
"GB";"ENG";"King’s Lynn";49000;1553;"PE30"
"GB";"ENG";"King’s Lynn";49000;1553;"PE34"
"GB";"ENG";"Horndean";48851;23;"PO8"
"GB";"ENG";"Hinckley";48841;1455;"LE10"
"GB";"ENG";"Swadlincote";48738;1283;"DE11"
"GB";"ENG";"Winchester";48530;1962;"SO23"
"GB";"WLS";"Bridgend";48417;1656;"CF31"
"GB";"ENG";"Yeovil";48303;1935;"BA20"
"GB";"ENG";"Sutton-in-Ashfield";48137;1623;"NG17"
"GB";"ENG";"West Bridgford";47670;115;"NG2"
"GB";"SCT";"Perth";47430;1738;"PH1"
"GB";"ENG";"Havant";47376;23;"PO9"
"GB";"SCT";"Inverness";47290;1463;"IV2"
"GB";"ENG";"Ashton-under-Lyne";47237;161;"OL7"
"GB";"ENG";"Banbury";47230;1295;"OX16"
"GB";"WLS";"Cwmbrân";47133;1633;"NP44"
"GB";"ENG";"Cheshunt";46992;1992;"EN8"
"GB";"ENG";"Northwich";46897;1606;"CW9"
"GB";"SCT";"Ayr";46780;1292;"KA7"
"GB";"SCT";"Kilmarnock";46770;1563;"KA3"
"GB";"ENG";"Wokingham";46745;118;"RG40"
"GB";"ENG";"Salisbury";46309;1722;"SP1"
"GB";"ENG";"Andover";46224;1264;"SP10"
"GB";"NIR";"Lisburn";45410;28;"BT27"
"GB";"NIR";"Lisburn";45410;28;"BT28"
"GB";"ENG";"Boston";44914;1205;"PE21"
"GB";"ENG";"Hatfield";44821;1707;"AL10"
"GB";"ENG";"Hatfield";44821;1707;"DN7"
"GB";"ENG";"Hatfield";44821;1707;"HR6"
"GB";"WLS";"Llanelli";44812;1554;"SA15"
"GB";"WLS";"Merthyr Tydfil";44807;1685;"CF47"
"GB";"ENG";"Wallsend";44791;191;"NE28"
"GB";"ENG";"Tipton";44766;121;"DY4"
"GB";"ENG";"Grantham";44520;1476;"NG31"
"GB";"ENG";"Dover";44430;1304;"CT16"
"GB";"ENG";"Barrow-in-Furness";44407;1229;"LA14"
"GB";"ENG";"Bexhill-on-Sea";44317;1424;"TN39"
"GB";"ENG";"Bexhill-on-Sea";44317;1424;"TN40"
"GB";"ENG";"Lytham St Annes";44208;1253;"FY8"
"GB";"ENG";"Bridgwater";44095;1278;"TA6"
"GB";"ENG";"Middleton";43998;161;"B78"
"GB";"ENG";"Middleton";43998;161;"CO10"
"GB";"ENG";"Middleton";43998;161;"DE4"
"GB";"ENG";"Middleton";43998;161;"DE45"
"GB";"ENG";"Middleton";43998;161;"IP17"
"GB";"ENG";"Middleton";43998;161;"LA3"
"GB";"ENG";"Middleton";43998;161;"LA6"
"GB";"ENG";"Middleton";43998;161;"LE16"
"GB";"ENG";"Middleton";43998;161;"LS10"
"GB";"ENG";"Middleton";43998;161;"LS29"
"GB";"ENG";"Middleton";43998;161;"M24"
"GB";"ENG";"Middleton";43998;161;"NE61"
"GB";"ENG";"Middleton";43998;161;"NE70"
"GB";"ENG";"Middleton";43998;161;"PE32"
"GB";"ENG";"Middleton";43998;161;"SP11"
"GB";"ENG";"Middleton";43998;161;"SY11"
"GB";"ENG";"Middleton";43998;161;"SY15"
"GB";"ENG";"Middleton";43998;161;"SY8"
"GB";"ENG";"Middleton";43998;161;"TS24"
"GB";"ENG";"Middleton";43998;161;"YO18"
"GB";"SCT";"Coatbridge";43960;1236;"ML5"
"GB";"ENG";"Hoddesdon";43823;1992;"EN11"
"GB";"ENG";"Braintree";43506;1376;"CM7"
"GB";"ENG";"Braintree";43506;1376;"CM77"
"GB";"ENG";"Fareham";43480;1329;"PO16"
"GB";"ENG";"Trowbridge";43362;1225;"BA14"
"GB";"ENG";"Worksop";43173;1909;"S80"
"GB";"ENG";"Kirkby";43136;151;"L32"
"GB";"ENG";"Kirkby";43136;151;"LN8"
"GB";"ENG";"Kirkby";43136;151;"TS9"
"GB";"ENG";"Jarrow";43111;191;"NE32"
"GB";"SCT";"Greenock";42680;1475;"PA15"
"GB";"SCT";"Greenock";42680;1475;"PA16"
"GB";"ENG";"Ramsgate";42632;1843;"CT11"
"GB";"ENG";"Urmston";42279;161;"M41"
"GB";"ENG";"Castleford";42219;1977;"WF10"
"GB";"ENG";"Bury St Edmunds";41940;1284;"IP33"
"GB";"WLS";"Caerphilly";41905;29;"CF83"
"GB";"ENG";"Newbury";41883;1635;"RG14"
"GB";"ENG";"Leighton Buzzard";41814;1525;"LU7"
"GB";"ENG";"Fleet";41233;1252;"GU13"
"GB";"ENG";"Fleet";41233;1252;"GU51"
"GB";"ENG";"Fleet";41233;1252;"GU52"
"GB";"ENG";"Fleet";41233;1252;"PE12"
"GB";"ENG";"Tonbridge";40968;1732;"TN9"
"GB";"ENG";"Eccles";40936;161;"M30"
"GB";"ENG";"Eccles";40936;161;"ME20"
"GB";"ENG";"Great Yarmouth";40883;1493;"NR30"
"GB";"ENG";"Herne Bay";40450;1227;"CT6"
"GB";"ENG";"Bishop’s Stortford";40089;1279;"CM22"
"GB";"ENG";"Bishop’s Stortford";40089;1279;"CM23"
"GB";"ENG";"Leyland";39579;1772;"PR25"
"GB";"ENG";"Leyland";39579;1772;"PR26"
"GB";"ENG";"Leyland";39579;1772;"PR5"
"GB";"ENG";"Ilkeston";39555;115;"DE7"
"GB";"ENG";"Camberley";39541;1276;"GU15"
"GB";"ENG";"Abingdon-on-Thames";39494;1235;"OX14"
"GB";"ENG";"Arnold";39446;115;"NG5"
"GB";"ENG";"Newark-on-Trent";39370;1636;"NG24"
"GB";"ENG";"Aldridge";39348;1922;"WS9"
"GB";"ENG";"Long Eaton";39348;115;"NG10"
"GB";"ENG";"Bletchley";39304;1908;"MK3"
"GB";"ENG";"Bletchley";39304;1908;"TF9"
"GB";"ENG";"Cleethorpes";39188;1472;"DN35"
"GB";"ENG";"Blyth";38794;1670;"NE24"
"GB";"ENG";"Blyth";38794;1670;"S81"
"GB";"ENG";"Canvey Island";38602;1268;"SS8"
"GB";"ENG";"Chorley";38557;1257;"CW5"
"GB";"ENG";"Chorley";38557;1257;"PR7"
"GB";"ENG";"Chorley";38557;1257;"WS13"
"GB";"ENG";"Chorley";38557;1257;"WV16"
"GB";"SCT";"Glenrothes";38510;1592;"KY7"
"GB";"ENG";"Prescot";38321;151;"L34"
"GB";"ENG";"Great Malvern";38026;1684;"WR14"
"GB";"WLS";"Port Talbot";37900;1639;"SA12"
"GB";"ENG";"Longbenton";37858;191;"NE7"
"GB";"ENG";"Haywards Heath";37683;1444;"RH16"
"GB";"SCT";"Stirling";37610;1786;"AB42"
"GB";"SCT";"Stirling";37610;1786;"FK8"
"GB";"ENG";"Chester-le-Street";37543;191;"DH3"
"GB";"ENG";"Woodley";37484;118;"RG5"
"GB";"ENG";"Redcar";37480;1642;"TS10"
"GB";"ENG";"Borehamwood";37425;20;"WD6"
"GB";"SCT";"Airdrie";37410;1236;"KY10"
"GB";"SCT";"Airdrie";37410;1236;"ML6"
"GB";"ENG";"Wilmslow";37400;1625;"SK9"
"GB";"ENG";"Redhill";37383;1737;"NG5"
"GB";"ENG";"Redhill";37383;1737;"RH1"
"GB";"ENG";"Redhill";37383;1737;"TF2"
"GB";"ENG";"Whitley Bay";37058;191;"NE26"
"GB";"ENG";"Accrington";36336;1254;"BB5"
"GB";"ENG";"Hitchin";36202;1462;"SG4"
"GB";"ENG";"Hitchin";36202;1462;"SG5"
"GB";"ENG";"Coalville";36166;1530;"LE67"
"GB";"ENG";"Denton";36100;161;"BN9"
"GB";"ENG";"Denton";36100;161;"CT4"
"GB";"ENG";"Denton";36100;161;"DL2"
"GB";"ENG";"Denton";36100;161;"IP20"
"GB";"ENG";"Denton";36100;161;"LS29"
"GB";"ENG";"Denton";36100;161;"M34"
"GB";"ENG";"Denton";36100;161;"NG32"
"GB";"ENG";"Denton";36100;161;"NN7"
"GB";"ENG";"Denton";36100;161;"OX44"
"GB";"ENG";"Denton";36100;161;"PE7"
"GB";"ENG";"Wath-upon-Dearne";35988;1709;"S63"
"GB";"ENG";"Chippenham";35919;1249;"CB7"
"GB";"ENG";"Chippenham";35919;1249;"SN15"
"GB";"ENG";"Chadderton";35902;161;"OL9"
"GB";"SCT";"Falkirk";35850;1324;"FK1"
"GB";"ENG";"Exmouth";35438;1395;"EX8"
"GB";"ENG";"Fulwood";35364;1772;"PR2"
"GB";"ENG";"Fulwood";35364;1772;"S10"
"GB";"ENG";"Rowley Regis";35325;121;"B65"
"GB";"ENG";"Hyde";35199;161;"GL6"
"GB";"ENG";"Hyde";35199;161;"SK14"
"GB";"ENG";"Bromsgrove";35193;1527;"B61"
"GB";"ENG";"Romiley";35144;161;"SK6"
"GB";"ENG";"Spalding";35135;1775;"PE11"
"GB";"ENG";"Bridlington";35085;1262;"YO16"
"GB";"ENG";"Hucknall";34924;115;"NG15"
"GB";"ENG";"Billericay";34894;1277;"CM11"
"GB";"ENG";"Skelmersdale";34813;1695;"WN8"
"GB";"ENG";"Epsom";34791;1372;"KT17"
"GB";"ENG";"Epsom";34791;1372;"KT19"
"GB";"ENG";"Billingham";34779;1642;"TS23"
"GB";"ENG";"Wickford";34722;1268;"SS12"
"GB";"ENG";"Letchworth Garden City";34697;1462;"SG6"
"GB";"ENG";"Wisbech";34250;1945;"PE13"
"GB";"ENG";"Stroud";34173;1453;"GL5"
"GB";"ENG";"Stroud";34173;1453;"GU32"
"GB";"SCT";"Irvine";34090;1294;"KA12"
"GB";"ENG";"Pudsey";33899;113;"LS28"
"GB";"ENG";"Brighouse";33883;1484;"HD6"
"GB";"ENG";"Lichfield";33816;1543;"WS13"
"GB";"ENG";"Whitstable";33505;1227;"CT5"
"GB";"ENG";"Morecambe";33491;1524;"LA4"
"GB";"SCT";"Dumfries";33440;1387;"DG1"
"GB";"ENG";"Glossop";33240;1457;"SK13"
"GB";"ENG";"Dunstable";33035;1582;"LU6"
"GB";"ENG";"Leatherhead";32994;1372;"KT22"
"GB";"ENG";"St Neots";32832;1480;"PE19"
"GB";"ENG";"Bicester";32789;1869;"OX25"
"GB";"ENG";"Bicester";32789;1869;"OX26"
"GB";"ENG";"Bicester";32789;1869;"OX27"
"GB";"ENG";"Bicester";32789;1869;"OX6"
"GB";"ENG";"Warwick";32718;1926;"CA4"
"GB";"ENG";"Warwick";32718;1926;"CV34"
"GB";"ENG";"Loughton";32660;20;"IG10"
"GB";"ENG";"Loughton";32660;20;"MK5"
"GB";"ENG";"Loughton";32660;20;"WV16"
"GB";"SCT";"Motherwell";32590;1698;"ML1"
"GB";"ENG";"Bilston";32381;1902;"WV14"
"GB";"ENG";"Windsor";32207;1753;"SL4"
"GB";"ENG";"Barnstaple";32161;1271;"EX31"
"GB";"ENG";"Rushden";32124;1933;"NN10"
"GB";"ENG";"Rushden";32124;1933;"SG9"
"GB";"ENG";"Burgess Hill";31889;1444;"RH15"
"GB";"ENG";"Chichester";31831;1243;"PO19"
"GB";"ENG";"Brierley Hill";31814;1384;"DY5"
"GB";"ENG";"Deal";31639;1304;"CT14"
"GB";"ENG";"Sevenoaks";31402;1732;"TN13"
"GB";"ENG";"Sedgley";31313;1902;"DY3"
"GB";"ENG";"Radcliffe";31267;161;"M26"
"GB";"ENG";"Radcliffe";31267;161;"NE65"
"GB";"ENG";"Bedworth";31222;24;"CV12"
"GB";"SCT";"Rutherglen";31190;141;"G73"
"GB";"ENG";"Harpenden";31167;1582;"AL5"
"GB";"ENG";"Beverley";30964;1482;"HU17"
"GB";"WLS";"Pontypridd";30910;1443;"CF37"
"GB";"WLS";"Aberdare";30831;1685;"CF44"
"GB";"ENG";"Winsford";30751;1606;"CW7"
"GB";"ENG";"Winsford";30751;1606;"TA24"
"GB";"ENG";"Nelson";30702;1282;"BB9"
"GB";"ENG";"Yate";30626;1454;"BS37"
"GB";"ENG";"Witney";30310;1993;"OX28"
"GB";"ENG";"Witney";30310;1993;"OX29"
"GB";"ENG";"Witney";30310;1993;"OX8"
"GB";"SCT";"Wishaw";30290;1698;"ML2"
"GB";"ENG";"East Grinstead";30251;1342;"RH19"
"GB";"ENG";"Pontefract";30221;1977;"WF8"
"GB";"ENG";"Weybridge";30145;1932;"KT13"
"GB";"ENG";"Didcot";30078;1235;"OX11"
"GB";"ENG";"Heywood";29748;1706;"BA13"
"GB";"ENG";"Heywood";29748;1706;"OL10"
"GB";"ENG";"Northfleet";29716;1474;"DA10"
"GB";"ENG";"Morley";29673;113;"DE7"
"GB";"ENG";"Morley";29673;113;"DL14"
"GB";"ENG";"Morley";29673;113;"LS27"
"GB";"ENG";"Stratford-upon-Avon";29565;1789;"CV37"
"GB";"ENG";"Totton";29552;23;"SO40"
"GB";"ENG";"Heswall";29467;151;"CH60"
"GB";"NIR";"Ballymena";29467;28;"BT42"
"GB";"NIR";"Ballymena";29467;28;"BT43"
"GB";"NIR";"Ballymena";29467;28;"BT44"
"GB";"WLS";"Penarth";29388;29;"CF64"
"GB";"ENG";"Kendal";29385;1539;"LA9"
"GB";"SCT";"Cambuslang";29100;141;"G72"
"GB";"ENG";"Stanford-le-Hope";29064;1375;"SS17"
"GB";"WLS";"Pontypool";28868;1495;"NP4"
"GB";"ENG";"Hertford";28860;1992;"SG13"
"GB";"ENG";"Shipley";28833;1274;"BD18"
"GB";"ENG";"Shipley";28833;1274;"NE66"
"GB";"ENG";"Shipley";28833;1274;"RH13"
"GB";"ENG";"Shipley";28833;1274;"WV6"
"GB";"ENG";"Ashford";28676;1233;"EX31"
"GB";"ENG";"Ashford";28676;1233;"SP6"
"GB";"ENG";"Ashford";28676;1233;"TN24"
"GB";"ENG";"Ashford";28676;1233;"TQ7"
"GB";"ENG";"Ashford";28676;1233;"TW15"
"GB";"ENG";"Burntwood";28610;1543;"WS7"
"GB";"ENG";"Ashton-in-Makerfield";28397;1942;"WN4"
"GB";"ENG";"Kirkby-in-Ashfield";28250;1623;"NG17"
"GB";"WLS";"Colwyn Bay";28142;1492;"LL29"
"GB";"SCT";"Bearsden";28120;141;"G61"
"GB";"ENG";"Egham";28043;1784;"TW20"
"GB";"NIR";"Newtownards";28039;28;"BT22"
"GB";"NIR";"Newtownards";28039;28;"BT23"
"GB";"ENG";"Ashington";27993;1670;"BA22"
"GB";"ENG";"Ashington";27993;1670;"NE63"
"GB";"ENG";"Ashington";27993;1670;"RH20"
"GB";"NIR";"Carrickfergus";27903;28;"BT38"
"GB";"ENG";"Farnworth";27855;1204;"BL4"
"GB";"ENG";"Farnworth";27855;1204;"WA8"
"GB";"ENG";"Haverhill";27747;1440;"CB9"
"GB";"ENG";"Stretford";27533;161;"M32"
"GB";"ENG";"Darwen";27462;1254;"BB3"
"GB";"ENG";"Melton Mowbray";27408;1664;"LE13"
"GB";"ENG";"Evesham";27382;1386;"WR11"
"GB";"ENG";"Frome";27372;1373;"BA11"
"GB";"ENG";"Cramlington";27344;1670;"NE23"
"GB";"ENG";"Thetford";27269;1842;"IP24"
"GB";"ENG";"Bentley";27110;1302;"CV9"
"GB";"ENG";"Bentley";27110;1302;"DN5"
"GB";"ENG";"Bentley";27110;1302;"GU10"
"GB";"ENG";"Bentley";27110;1302;"HU17"
"GB";"ENG";"Bentley";27110;1302;"IP9"
"GB";"ENG";"Ditton";27078;1732;"ME20"
"GB";"ENG";"Ditton";27078;1732;"WA8"
"GB";"ENG";"Farnham";27056;1252;"CM23"
"GB";"ENG";"Farnham";27056;1252;"DT11"
"GB";"ENG";"Farnham";27056;1252;"GU9"
"GB";"ENG";"Farnham";27056;1252;"HG5"
"GB";"ENG";"Farnham";27056;1252;"IP17"
"GB";"ENG";"Stalybridge";27000;161;"SK15"
"GB";"ENG";"Ferndown";26983;1202;"BH22"
"GB";"ENG";"Newton Abbot";26951;1626;"TQ12"
"GB";"ENG";"Peterlee";26930;191;"SR8"
"GB";"NIR";"Newry";26893;28;"BT34"
"GB";"NIR";"Newry";26893;28;"BT35"
"GB";"ENG";"Staines-upon-Thames";26889;1784;"TW18"
"GB";"ENG";"Bushey";26641;20;"WD1"
"GB";"ENG";"Bushey";26641;20;"WD23"
"GB";"ENG";"Witham";26633;1376;"CM8"
"GB";"SCT";"Newton Mearns";26600;141;"G77"
"GB";"ENG";"Hedge End";26399;1489;"SO30"
"GB";"ENG";"Heanor";26357;1773;"DE75"
"GB";"SCT";"Clydebank";26320;141;"G81"
"GB";"ENG";"Portishead";26286;1275;"BS20"
"GB";"ENG";"Congleton";26250;1260;"CW12"
"GB";"ENG";"Kidsgrove";26223;1782;"ST7"
"GB";"ENG";"Thatcham";26217;1635;"RG18"
"GB";"ENG";"Ormskirk";26121;1695;"L39"
"GB";"WLS";"Rhyl";25994;1745;"LL18"
"GB";"ENG";"Huntingdon";25908;1480;"PE26"
"GB";"ENG";"Huntingdon";25908;1480;"PE28"
"GB";"ENG";"Huntingdon";25908;1480;"PE29"
"GB";"ENG";"Thornaby-on-Tees";25876;1642;"TS17"
"GB";"ENG";"Newton Aycliffe";25859;1325;"DL5"
"GB";"ENG";"Newport";25773;1952;"CB11"
"GB";"ENG";"Newport";25773;1952;"EX32"
"GB";"ENG";"Newport";25773;1952;"GL13"
"GB";"ENG";"Newport";25773;1952;"HU15"
"GB";"ENG";"Newport";25773;1952;"NR29"
"GB";"ENG";"Newport";25773;1952;"PL15"
"GB";"ENG";"Newport";25773;1952;"PO30"
"GB";"ENG";"Newport";25773;1952;"TF10"
"GB";"ENG";"Maghull";25736;151;"L31"
"GB";"ENG";"St Austell";25663;1726;"PL25"
"GB";"ENG";"Fleetwood";25659;1253;"FY7"
"GB";"ENG";"Consett";25637;1207;"DH8"
"GB";"ENG";"Plymstock";25610;1752;"PL9"
"GB";"ENG";"Swinton";25554;161;"HG4"
"GB";"ENG";"Swinton";25554;161;"M27"
"GB";"ENG";"Swinton";25554;161;"S64"
"GB";"ENG";"Swinton";25554;161;"YO17"
"GB";"ENG";"Oldbury";25488;121;"B69"
"GB";"ENG";"Oldbury";25488;121;"CV10"
"GB";"ENG";"Oldbury";25488;121;"TN15"
"GB";"ENG";"Oldbury";25488;121;"WV16"
"GB";"ENG";"Market Harborough";25446;1858;"LE16"
"GB";"ENG";"Bishop Auckland";25445;1388;"DL14"
"GB";"ENG";"Wednesfield";25422;1902;"WV11"
"GB";"ENG";"Cheadle Hulme";25383;161;"SK8"
"GB";"ENG";"Rickmansworth";25380;1923;"WD3"
"GB";"ENG";"Stubbington";25363;1329;"PO14"
"GB";"ENG";"Horley";25253;1293;"OX15"
"GB";"ENG";"Horley";25253;1293;"RH6"
"GB";"ENG";"Skegness";25221;1754;"PE25"
"GB";"ENG";"Wombwell";25197;1226;"S73"
"GB";"ENG";"Daventry";24983;1327;"NN11"
"GB";"ENG";"Ryde";24811;1983;"PO33"
"GB";"SCT";"Elgin";24760;1343;"IV30"
"GB";"ENG";"Gorleston-on-Sea";24726;1493;"NR31"
"GB";"ENG";"Hindley";24700;1942;"WN2"
"GB";"NIR";"Coleraine";24630;28;"BT51"
"GB";"NIR";"Coleraine";24630;28;"BT52"
"GB";"ENG";"Broadstairs";24543;1843;"CT10"
"GB";"ENG";"Windlesham";24527;1276;"GU20"
"GB";"ENG";"Rugeley";24487;1889;"WS15"
"GB";"ENG";"Amersham";24485;1494;"HP7"
"GB";"ENG";"Felixstowe";24408;1394;"IP11"
"GB";"ENG";"Golborne";24219;1942;"WA3"
"GB";"ENG";"Droylsden";24180;161;"M43"
"GB";"ENG";"Rawtenstall";24155;1706;"BB4"
"GB";"WLS";"Blackwood";24145;1495;"NP12"
"GB";"ENG";"Westhoughton";24116;1942;"BL5"
"GB";"ENG";"Belper";24101;1773;"DE56"
"GB";"ENG";"Burnham-on-Sea";24065;1278;"TA8"
"GB";"ENG";"Falmouth";23968;1326;"TR11"
"GB";"SCT";"Arbroath";23940;1241;"DD11"
"GB";"ENG";"Droitwich Spa";23880;1905;"WR9"
"GB";"ENG";"Newton-le-Willows";23822;1925;"DL8"
"GB";"ENG";"Newton-le-Willows";23822;1925;"WA12"
"GB";"ENG";"Chesham";23708;1494;"HP5"
"GB";"ENG";"Whitehaven";23668;1946;"CA28"
"GB";"SCT";"Bishopbriggs";23540;141;"G64"
"GB";"ENG";"Potters Bar";23537;1707;"EN6"
"GB";"ENG";"Seaford";23463;1323;"BN25"
"GB";"ENG";"Sudbury";23456;1787;"CO10"
"GB";"ENG";"Sudbury";23456;1787;"DE6"
"GB";"ENG";"Sudbury";23456;1787;"HA0"
"GB";"ENG";"Godalming";23410;1483;"GU7"
"GB";"ENG";"Reigate";23391;1737;"RH2"
"GB";"ENG";"Formby";23365;1704;"L37"
"GB";"NIR";"Antrim";23353;28;"BT41"
"GB";"ENG";"Alfreton";23316;1773;"DE55"
"GB";"ENG";"Coseley";23283;1902;"WV14"
"GB";"ENG";"Royton";23259;161;"OL2"
"GB";"ENG";"Retford";23247;1777;"DN22"
"GB";"ENG";"Clifton";23147;115;"BS8"
"GB";"ENG";"Clifton";23147;115;"CA10"
"GB";"ENG";"Clifton";23147;115;"DE6"
"GB";"ENG";"Clifton";23147;115;"NE61"
"GB";"ENG";"Clifton";23147;115;"NG11"
"GB";"ENG";"Clifton";23147;115;"OX15"
"GB";"ENG";"Clifton";23147;115;"PR4"
"GB";"ENG";"Clifton";23147;115;"SG17"
"GB";"ENG";"Clifton";23147;115;"WR8"
"GB";"ENG";"Caterham";23013;1883;"CR3"
"GB";"SCT";"Bathgate";22920;1506;"EH48"
"GB";"ENG";"Bingley";22895;1274;"BD16"
"GB";"ENG";"Gainsborough";22841;1427;"DN21"
"GB";"ENG";"Buxton";22661;1298;"NR10"
"GB";"ENG";"Buxton";22661;1298;"SK17"
"GB";"ENG";"Chapeltown";22649;114;"BL7"
"GB";"ENG";"Chapeltown";22649;114;"CA6"
"GB";"ENG";"Chapeltown";22649;114;"S35"
"GB";"ENG";"Seaham";22579;191;"SR7"
"GB";"SCT";"Renfrew";22570;141;"PA4"
"GB";"ENG";"Swanscombe";22321;1322;"DA11"
"GB";"ENG";"Ingleby Barwick";22256;1642;"TS17"
"GB";"ENG";"Workington";22186;1900;"CA14"
"GB";"ENG";"Workington";22186;1900;"CA95"
"GB";"ENG";"Holmfirth";22147;1484;"HD7"
"GB";"ENG";"Holmfirth";22147;1484;"HD9"
"GB";"ENG";"Goole";22101;1405;"DN14"
"GB";"ENG";"Truro";22092;1872;"TR1"
"GB";"ENG";"Hailsham";22057;1323;"BN27"
"GB";"ENG";"Camborne";21985;1209;"TR14"
"GB";"ENG";"Newquay";21889;1637;"TR7"
"GB";"ENG";"Crowborough";21876;1892;"TN6"
"GB";"ENG";"Ossett";21871;1924;"WF5"
"GB";"ENG";"Normanton";21846;1924;"DE23"
"GB";"ENG";"Normanton";21846;1924;"LE15"
"GB";"ENG";"Normanton";21846;1924;"NG13"
"GB";"ENG";"Normanton";21846;1924;"NG25"
"GB";"ENG";"Normanton";21846;1924;"NG32"
"GB";"ENG";"Normanton";21846;1924;"WF6"
"GB";"ENG";"Maldon";21810;1621;"CM9"
"GB";"ENG";"South Ockenden";21794;1708;"RM15"
"GB";"ENG";"Stanley";21700;191;"DE7"
"GB";"ENG";"Stanley";21700;191;"DH9"
"GB";"ENG";"Stanley";21700;191;"SN15"
"GB";"ENG";"Stanley";21700;191;"ST9"
"GB";"ENG";"Stanley";21700;191;"WF3"
"GB";"ENG";"March";21669;1354;"PE15"
"GB";"ENG";"Kenilworth";21490;1926;"CV8"
"GB";"ENG";"Gatley";21482;161;"SK8"
"GB";"ENG";"Berkhamsted";21435;1442;"HP4"
"GB";"ENG";"Walkden";21399;161;"M28"
"GB";"SCT";"Kirkintilloch";21380;141;"G66"
"GB";"ENG";"Ampthill";21339;1525;"MK45"
"GB";"ENG";"Stowmarket";21312;1449;"IP14"
"GB";"ENG";"Dereham";21246;1362;"NR19"
"GB";"ENG";"Kempston";21156;1234;"MK42"
"GB";"ENG";"Whitefield";21147;161;"M45"
"GB";"ENG";"Dukinfield";21139;161;"SK16"
"GB";"ENG";"Clevedon";21117;1275;"BS21"
"GB";"ENG";"Brownhills";21100;1543;"WS8"
"GB";"ENG";"Redruth";21083;1209;"TR15"
"GB";"ENG";"Gerrards Cross";21004;1753;"SL9"
"GB";"ENG";"Newmarket";20977;1638;"CB8"
"GB";"ENG";"Minster";20968;1795;"CT12"
"GB";"ENG";"Minster";20968;1795;"ME12"
"GB";"ENG";"Dronfield";20927;1246;"S18"
"GB";"ENG";"Tewkesbury";20876;1684;"GL20"
"GB";"ENG";"Harwich";20864;1255;"CO12"
"GB";"SCT";"Musselburgh";20840;131;"EH21"
"GB";"ENG";"Sandhurst";20758;1344;"GL2"
"GB";"ENG";"Sandhurst";20758;1344;"GU47"
"GB";"ENG";"Sandhurst";20758;1344;"TN18"
"GB";"ENG";"Dorchester";20633;1305;"DT1"
"GB";"ENG";"Dorchester";20633;1305;"OX10"
"GB";"SCT";"Dumbarton";20560;1389;"G82"
"GB";"ENG";"Stamford";20558;1780;"NE66"
"GB";"ENG";"Stamford";20558;1780;"PE9"
"GB";"ENG";"Faversham";20468;1795;"ME13"
"GB";"ENG";"New Milton";20466;1425;"BH25"
"GB";"ENG";"Hythe";20454;23;"CT21"
"GB";"ENG";"Hythe";20454;23;"SO45"
"GB";"ENG";"Dinnington";20433;1909;"NE13"
"GB";"ENG";"Dinnington";20433;1909;"TA17"
"GB";"ENG";"Irlam";20426;161;"M44"
"GB";"ENG";"Stourport-on-Severn";20422;1299;"DY13"
"GB";"ENG";"Darlaston";20319;121;"WS10"
"GB";"SCT";"Bellshill";20290;1698;"ML4"
"GB";"ENG";"Ely";20255;1353;"CB7"
"GB";"WLS";"Buckley";20232;1244;"CH7"
"GB";"ENG";"Biggleswade";20221;1767;"SG18"
"GB";"ENG";"Portslade-by-Sea";20198;1273;"BN3"
"GB";"ENG";"Tiverton";20150;1884;"CW6"
"GB";"ENG";"Tiverton";20150;1884;"EX16"
"GB";"ENG";"Peacehaven";20025;1273;"BN10"
"GB";"ENG";"Ware";20004;1920;"CT3"
"GB";"ENG";"Ware";20004;1920;"SG12"
"GB";"ENG";"Earl Shilton";19988;1455;"LE9"
"GB";"ENG";"Leek";19967;1538;"ST13"
"GB";"ENG";"Oswestry";19850;1691;"SY11"
"GB";"ENG";"Bideford";19827;1237;"EX39"
"GB";"ENG";"Mirfield";19815;1924;"WF14"
"GB";"ENG";"Ripley";19776;1773;"BH23"
"GB";"ENG";"Ripley";19776;1773;"DE5"
"GB";"ENG";"Ripley";19776;1773;"GU23"
"GB";"ENG";"Ripley";19776;1773;"HG3"
"GB";"WLS";"Ystrad Mynach";19775;1443;"CF82"
"GB";"ENG";"Emsworth";19762;1243;"PO10"
"GB";"ENG";"Horwich";19742;1204;"BL6"
"GB";"ENG";"Hazel Grove";19715;161;"SK7"
"GB";"ENG";"Hebburn";19685;191;"NE31"
"GB";"NIR";"Omagh";19682;28;"BT78"
"GB";"NIR";"Omagh";19682;28;"BT79"
"GB";"ENG";"Melksham";19681;1225;"SN12"
"GB";"ENG";"Kesgrave";19588;1473;"IP5"
"GB";"ENG";"Yarm-Eaglescliffe";19570;1642;"TS15"
"GB";"ENG";"Thornton";19550;1253;"BD13"
"GB";"ENG";"Thornton";19550;1253;"FY5"
"GB";"ENG";"Thornton";19550;1253;"L23"
"GB";"ENG";"Thornton";19550;1253;"LE67"
"GB";"ENG";"Thornton";19550;1253;"LN9"
"GB";"ENG";"Thornton";19550;1253;"MK17"
"GB";"ENG";"Thornton";19550;1253;"TD15"
"GB";"ENG";"Thornton";19550;1253;"TS8"
"GB";"ENG";"Rothwell";19504;113;"LN7"
"GB";"ENG";"Rothwell";19504;113;"LS26"
"GB";"ENG";"Rothwell";19504;113;"NN14"
"GB";"ENG";"Sandbach";19482;1270;"CW11"
"GB";"ENG";"Horsforth";19469;113;"LS18"
"GB";"ENG";"Wantage";19397;1235;"OX12"
"GB";"ENG";"Wednesbury";19366;121;"WS10"
"GB";"ENG";"Frimley";19302;1276;"GU16"
"GB";"SCT";"Peterhead";19270;1779;"AB42"
"GB";"ENG";"Alton";19268;1420;"GU34"
"GB";"ENG";"Alton";19268;1420;"S42"
"GB";"ENG";"Alton";19268;1420;"ST10"
"GB";"ENG";"Waltham Abbey";19258;1992;"EN9"
"GB";"ENG";"Selby";19224;1757;"YO8"
"GB";"ENG";"Yeadon";19163;113;"LS19"
"GB";"ENG";"Eastwood";19058;1773;"HX7"
"GB";"ENG";"Eastwood";19058;1773;"NG16"
"GB";"ENG";"Eastwood";19058;1773;"SS9"
"GB";"ENG";"Rawmarsh";18953;1709;"S62"
"GB";"ENG";"Spennymoor";18917;1388;"DL16"
"GB";"ENG";"Devizes";18907;1380;"SN10"
"GB";"ENG";"Adwick-le-Street";18858;1302;"DN6"
"GB";"ENG";"Colne";18814;1282;"BB8"
"GB";"WLS";"Maesteg";18729;1656;"CF34"
"GB";"ENG";"Failsworth";18726;161;"M35"
"GB";"NIR";"Larne";18705;28;"BT40"
"GB";"ENG";"Mansfield Woodhouse";18682;1623;"NG19"
"GB";"ENG";"Cobham";18675;1932;"DA12"
"GB";"ENG";"Cobham";18675;1932;"KT11"
"GB";"ENG";"Litherland";18668;151;"L21"
"GB";"ENG";"Great Wyrley";18608;1922;"WS6"
"GB";"ENG";"Marple";18593;161;"SK6"
"GB";"WLS";"Bangor";18476;1248;"LL57"
"GB";"ENG";"Shaw";18401;1706;"OL2"
"GB";"ENG";"Shaw";18401;1706;"RG14"
"GB";"ENG";"Shaw";18401;1706;"SN12"
"GB";"ENG";"Shaw";18401;1706;"SN5"
"GB";"ENG";"Hoyland";18318;1226;"S74"
"GB";"ENG";"Rochford";18301;1702;"SS4"
"GB";"ENG";"Rochford";18301;1702;"WR15"
"GB";"ENG";"Biddulph";18198;1782;"ST8"
"GB";"WLS";"Ebbw Vale";18170;1495;"NP23"
"GB";"ENG";"Liversedge";18165;1274;"WF15"
"GB";"ENG";"Calne";18089;1249;"SN11"
"GB";"ENG";"Nantwich";18003;1270;"CW5"
"GB";"ENG";"Sleaford";17983;1529;"GU35"
"GB";"ENG";"Sleaford";17983;1529;"NG34"
"GB";"ENG";"Houghton Regis";17962;1582;"LU5"
"GB";"WLS";"Tonypandy";17960;1443;"CF40"
"GB";"ENG";"Lewes";17880;1273;"BN7"
"GB";"ENG";"Westbury";17860;1373;"BA13"
"GB";"ENG";"Westbury";17860;1373;"NN13"
"GB";"ENG";"Westbury";17860;1373;"SY5"
"GB";"ENG";"Warminster";17816;1985;"BA12"
"GB";"ENG";"Poulton-le-Fylde";17752;1253;"FY6"
"GB";"ENG";"Ramsbottom";17746;1706;"BL0"
"GB";"ENG";"Addlestone";17740;1932;"KT15"
"GB";"ENG";"Dorking";17616;1306;"RH4"
"GB";"SCT";"Barrhead";17610;141;"G78"
"GB";"SCT";"St Andrews";17580;1334;"KY16"
"GB";"SCT";"Bonnyrigg";17530;131;"EH19"
"GB";"ENG";"Hale";17481;161;"GU9"
"GB";"ENG";"Hale";17481;161;"SP6"
"GB";"ENG";"Hale";17481;161;"WA15"
"GB";"ENG";"Romsey";17472;1794;"SO51"
"GB";"ENG";"Bramhall";17424;161;"SK7"
"GB";"WLS";"Shotton";17346;1244;"CH5"
"GB";"ENG";"Guisborough";17301;1287;"TS14"
"GB";"ENG";"Keynsham";17293;117;"BS31"
"GB";"ENG";"Swanley";17138;1322;"BR8"
"GB";"ENG";"St Ives";17024;1736;"BH24"
"GB";"ENG";"St Ives";17024;1736;"TR26"
"GB";"ENG";"Northallerton";17002;1609;"DL6"
"GB";"ENG";"Louth";16991;1507;"LN11"
"GB";"ENG";"Bedlington";16987;1670;"NE22"
"GB";"WLS";"Gorseinon";16983;1792;"SA4"
"GB";"ENG";"Brixham";16977;1803;"TQ5"
"GB";"ENG";"Cirencester";16971;1285;"GL7"
"GB";"WLS";"Prestatyn";16960;1745;"LL19"
"GB";"ENG";"Royston";16911;1763;"S71"
"GB";"ENG";"Royston";16911;1763;"SG8"
"GB";"SCT";"Blantyre";16900;1698;"G72"
"GB";"ENG";"North Hykeham";16895;1522;"LN6"
"GB";"WLS";"Connah’s Quay";16843;1244;"CH5"
"GB";"ENG";"Saffron Walden";16719;1799;"CB10"
"GB";"NIR";"Banbridge";16653;28;"BT32"
"GB";"SCT";"Grangemouth";16650;1324;"FK3"
"GB";"ENG";"Tyldesley";16615;1942;"M29"
"GB";"ENG";"Heysham";16600;1524;"LA3"
"GB";"ENG";"Haydock";16574;1942;"WA11"
"GB";"ENG";"Stone";16571;1785;"DA9"
"GB";"ENG";"Stone";16571;1785;"DY10"
"GB";"ENG";"Stone";16571;1785;"GL13"
"GB";"ENG";"Stone";16571;1785;"HP17"
"GB";"ENG";"Stone";16571;1785;"ST15"
"GB";"ENG";"Stone";16571;1785;"TN30"
"GB";"ENG";"Ryton";16564;191;"GL18"
"GB";"ENG";"Ryton";16564;191;"NE40"
"GB";"ENG";"Ryton";16564;191;"TF11"
"GB";"ENG";"Ryton";16564;191;"YO17"
"GB";"WLS";"Aberystwyth";16522;1970;"SY23"
"GB";"ENG";"Carterton";16519;1993;"OX18"
"GB";"ENG";"Stapleford";16497;115;"CB2"
"GB";"ENG";"Stapleford";16497;115;"CB22"
"GB";"ENG";"Stapleford";16497;115;"LE14"
"GB";"ENG";"Stapleford";16497;115;"LN6"
"GB";"ENG";"Stapleford";16497;115;"NG9"
"GB";"ENG";"Stapleford";16497;115;"SG14"
"GB";"ENG";"Stapleford";16497;115;"SP3"
"GB";"SCT";"Kilwinning";16460;1294;"KA13"
"GB";"ENG";"Haslingden";16399;1706;"BB4"
"GB";"ENG";"Hartley";16394;1474;"CA17"
"GB";"ENG";"Hartley";16394;1474;"DA3"
"GB";"ENG";"Hartley";16394;1474;"NE26"
"GB";"ENG";"Hartley";16394;1474;"TN17"
"GB";"ENG";"Maltby";16333;1709;"S66"
"GB";"ENG";"Maltby";16333;1709;"TS8"
"GB";"ENG";"Penzance";16320;1736;"TR18"
"GB";"ENG";"Uckfield";16287;1825;"TN22"
"GB";"ENG";"Wimborne Minster";16259;1202;"BH21"
"GB";"ENG";"South Woodham";16239;1245;"CM3"
"GB";"WLS";"Carmarthen";16192;1267;"SA31"
"GB";"ENG";"Ripon";16181;1765;"HG4"
"GB";"ENG";"Whickham";16162;191;"NE16"
"GB";"ENG";"Elland";16153;1422;"HX5"
"GB";"ENG";"Bourne";16145;1778;"PE10"
"GB";"SCT";"Penicuik";16120;1968;"EH26"
"GB";"SCT";"Johnstone";16090;1505;"PA5"
"GB";"ENG";"Nailsea";16011;1275;"BS48"
"GB";"ENG";"Clitheroe";15974;1200;"BB7"
"GB";"ENG";"Conisborough";15952;1709;"DN12"
"GB";"ENG";"South Normanton";15925;1773;"DE55"
"GB";"ENG";"Saltash";15919;1752;"PL12"
"GB";"ENG";"South Hayling";15885;2392;"PO11"
"GB";"ENG";"Lymington";15861;1590;"SO41"
"GB";"ENG";"Baildon";15836;1274;"BD17"
"GB";"SCT";"Viewpark";15770;1698;"G71"
"GB";"ENG";"Bodmin";15681;1208;"PL31"
"GB";"ENG";"Matlock";15647;1629;"DE4"
"GB";"ENG";"Tadley";15630;118;"RG26"
"GB";"ENG";"Teignmouth";15597;1626;"TQ14"
"GB";"WLS";"Porthcawl";15581;1656;"CF36"
"GB";"ENG";"Knaresborough";15557;1423;"HG5"
"GB";"ENG";"Dursley";15556;1453;"GL11"
"GB";"ENG";"Mexborough";15541;1709;"S64"
"GB";"ENG";"Taverham";15519;1603;"NR8"
"GB";"SCT";"Erskine";15510;141;"PA8"
"GB";"ENG";"Penrith";15494;1768;"CA11"
"GB";"SCT";"Broxburn";15440;1506;"EH42"
"GB";"SCT";"Broxburn";15440;1506;"EH52"
"GB";"ENG";"Hythe";15411;23;"CT21"
"GB";"ENG";"Hythe";15411;23;"SO45"
"GB";"ENG";"Staveley";15407;1246;"HG5"
"GB";"ENG";"Staveley";15407;1246;"LA8"
"GB";"ENG";"Staveley";15407;1246;"S43"
"GB";"ENG";"Mildenhall";15378;1638;"IP28"
"GB";"ENG";"Mildenhall";15378;1638;"SN8"
"GB";"WLS";"Llandudno";15375;1492;"LL30"
"GB";"NIR";"Dundonald";15365;28;"BT16"
"GB";"ENG";"Frampton Cotterell";15279;1454;"BS36"
"GB";"ENG";"Kidlington";15277;1865;"OX5"
"GB";"ENG";"Wymondham";15267;1953;"LE14"
"GB";"ENG";"Wymondham";15267;1953;"NR18"
"GB";"ENG";"Petersfield";15246;1730;"GU31"
"GB";"ENG";"Neston";15202;151;"CH33"
"GB";"ENG";"Neston";15202;151;"CH64"
"GB";"ENG";"Neston";15202;151;"SN13"
"GB";"ENG";"Swallownest";15189;114;"S26"
"GB";"ENG";"Poynton";15146;1625;"SK12"
"GB";"ENG";"Poynton";15146;1625;"TF6"
"GB";"ENG";"Skipton";15047;1756;"BD23"
"GB";"ENG";"Ilkley";15033;1943;"LS29"
"GB";"ENG";"Bishop’s Cleeve";15032;1242;"GL52"
"GB";"WLS";"Haverfordwest";15032;1437;"SA61"
"GB";"ENG";"Bordon";15025;1420;"GU35"
"GB";"NIR";"Newtownbreda";15005;28;"BT8"
"GB";"WLS";"Tredegar";15000;1495;"NP22"
"GB";"WLS";"Risca";14944;1633;"NP11"
"GB";"ENG";"West Kirby";14925;151;"CH48"
"GB";"ENG";"Cottingham";14885;1482;"HU16"
"GB";"ENG";"Cottingham";14885;1482;"LE16"
"GB";"ENG";"Blaydon";14858;191;"NE21"
"GB";"ENG";"Newport Pagnell";14857;1908;"MK16"
"GB";"ENG";"Marlow";14839;1628;"SL7"
"GB";"ENG";"Buckingham";14777;1280;"MK18"
"GB";"SCT";"Borrowstounness";14760;1506;"EH51"
"GB";"ENG";"Garforth";14752;113;"LS25"
"GB";"NIR";"Armagh";14749;28;"BT60"
"GB";"NIR";"Armagh";14749;28;"BT61"
"GB";"SCT";"Larkhall";14740;1698;"ML9"
"GB";"SCT";"Prestwick";14720;1292;"KA9"
"GB";"SCT";"Troon";14710;1292;"KA10"
"GB";"ENG";"Morpeth";14698;1670;"NE61"
"GB";"WLS";"Flint";14690;1352;"CH6"
"GB";"ENG";"Beaconsfield";14650;1494;"HP9"
"GB";"ENG";"Chertsey";14627;1932;"KT16"
"GB";"SCT";"Port Glasgow";14620;1475;"PA14"
"GB";"ENG";"Yateley";14593;1252;"GU46"
"GB";"WLS";"Porth";14587;1443;"CF39"
"GB";"ENG";"Armthorpe";14550;1302;"DN3"
"GB";"ENG";"Cowes";14544;1983;"PO31"
"GB";"ENG";"Knottingley";14516;1977;"WF11"
"GB";"ENG";"Hessle";14491;1482;"HU13"
"GB";"ENG";"Ashtead";14474;1372;"KT21"
"GB";"SCT";"Alloa";14420;1259;"FK10"
"GB";"ENG";"Market Deeping";14398;1778;"PE6"
"GB";"WLS";"Pyle";14361;1656;"CF33"
"GB";"ENG";"Dunscroft";14360;1302;"DN7"
"GB";"NIR";"Dungannon";14332;28;"BT70"
"GB";"NIR";"Dungannon";14332;28;"BT71"
"GB";"ENG";"Ringwood";14325;1425;"BH24"
"GB";"ENG";"Otley";14301;1943;"IP6"
"GB";"ENG";"Otley";14301;1943;"LS21"
"GB";"ENG";"Crowthorne";14292;1344;"RG45"
"GB";"ENG";"Houghton-le-Spring";14292;191;"DH4, DH5"
"GB";"SCT";"Forfar";14230;1307;"DD8"
"GB";"ENG";"Beccles";14167;1502;"NR34"
"GB";"ENG";"Brackley";14161;1280;"NN13"
"GB";"ENG";"Middlewich";14138;1606;"CW10"
"GB";"WLS";"Church Village";14124;1443;"CF38"
"GB";"ENG";"Newhaven";14019;1273;"BN9"
"GB";"ENG";"Innsworth";14007;1452;"GL2"
"GB";"ENG";"Shepshed";13969;1509;"LE12"
"GB";"WLS";"Milford Haven";13959;1646;"SA73"
"GB";"ENG";"Bacup";13893;1706;"OL13"
"GB";"ENG";"Syston";13861;116;"LE7"
"GB";"ENG";"Syston";13861;116;"NG32"
"GB";"ENG";"Cheadle";13848;161;"SK8"
"GB";"ENG";"Cheadle";13848;161;"ST10"
"GB";"ENG";"Ashby-de-la-Zouch";13803;1530;"LE55"
"GB";"NIR";"Enniskillen";13790;28;"BT74"
"GB";"NIR";"Enniskillen";13790;28;"BT92"
"GB";"NIR";"Enniskillen";13790;28;"BT93"
"GB";"NIR";"Enniskillen";13790;28;"BT94"
"GB";"ENG";"Chard";13784;1460;"TA20"
"GB";"SCT";"Rosyth";13780;1383;"KY11"
"GB";"ENG";"Narborough";13757;116;"LE9"
"GB";"ENG";"Narborough";13757;116;"PE32"
"GB";"ENG";"Verwood";13745;1202;"BH31"
"GB";"SCT";"Hawick";13740;1450;"TD9"
"GB";"ENG";"Hurstpierpoint";13729;1273;"BN6"
"GB";"ENG";"Uppermill";13704;1457;"OL3"
"GB";"ENG";"Street";13702;1458;"BA16"
"GB";"ENG";"Street";13702;1458;"PR3"
"GB";"ENG";"Street";13702;1458;"YO21"
"GB";"ENG";"Corsham";13685;1249;"SN13"
"GB";"SCT";"Helensburgh";13640;1436;"G84"
"GB";"SCT";"Inverurie";13640;1467;"AB51"
"GB";"ENG";"Wombourne";13628;1902;"WV5"
"GB";"ENG";"Oxted";13606;1883;"RH8"
"GB";"ENG";"Blackfield";13594;2380;"SO45"
"GB";"ENG";"Bridport";13590;1308;"DT6"
"GB";"WLS";"Llantrisant";13590;1443;"CF72"
"GB";"SCT";"Mayfield";13570;131;"EH22"
"GB";"ENG";"Alsager";13550;1270;"ST7"
"GB";"ENG";"Midsomer Norton";13539;1761;"BA3"
"GB";"ENG";"Birstall";13532;116;"LE4"
"GB";"ENG";"Chorleywood";13514;1923;"WD3"
"GB";"ENG";"Standish";13502;1257;"WN6"
"GB";"ENG";"Berwick-upon-Tweed";13479;1289;"TD15"
"GB";"ENG";"Whetstone";13463;116;"LE8"
"GB";"ENG";"Whetstone";13463;116;"LE87"
"GB";"ENG";"Whetstone";13463;116;"N20"
"GB";"ENG";"Tilbury";13413;1375;"RM18"
"GB";"WLS";"Abergavenny";13402;1873;"NP7"
"GB";"SCT";"Dalkieth";13400;131;"EH22"
"GB";"ENG";"Haslemere";13384;1428;"GU27"
"GB";"WLS";"Rhosllanerchrugog";13384;1978;"LL14"
"GB";"ENG";"Saltdean";13382;1273;"BN2"
"GB";"SCT";"Carluke";13320;1555;"ML8"
"GB";"ENG";"Clay Cross";13303;1246;"S45"
"GB";"ENG";"New Rossington";13295;1302;"DN11"
"GB";"ENG";"Knutsford";13286;1565;"WA16"
"GB";"ENG";"Sheerness";13270;1795;"ME12"
"GB";"SCT";"Linlithgow";13260;1506;"EH49"
"GB";"ENG";"Mountsorrel";13239;116;"LE12"
"GB";"WLS";"Rhondda";13233;1443;"CF42"
"GB";"ENG";"Brough";13227;1482;"CA17"
"GB";"ENG";"Brough";13227;1482;"HU15"
"GB";"ENG";"Brough";13227;1482;"NG23"
"GB";"ENG";"Newport";13184;1952;"CB11"
"GB";"ENG";"Newport";13184;1952;"EX32"
"GB";"ENG";"Newport";13184;1952;"GL13"
"GB";"ENG";"Newport";13184;1952;"HU15"
"GB";"ENG";"Newport";13184;1952;"NR29"
"GB";"ENG";"Newport";13184;1952;"PL15"
"GB";"ENG";"Newport";13184;1952;"PO30"
"GB";"ENG";"Newport";13184;1952;"TF10"
"GB";"SCT";"Fraserburgh";13180;1346;"AB43"
"GB";"ENG";"Sidmouth";13179;1395;"EX10"
"GB";"NIR";"Strabane";13147;28;"BT82"
"GB";"ENG";"Uttoxeter";13105;1889;"ST14"
"GB";"ENG";"Driffield";13049;1377;"GL7"
"GB";"ENG";"Whitby";13029;1947;"YO21"
"GB";"SCT";"Galashiels";13000;1896;"TD1"
"GB";"ENG";"Ince-in-Makerfield";12964;1942;"WN3"
"GB";"ENG";"Whittlesley";12959;1733;"PE7"
"GB";"SCT";"Milngavie";12940;141;"G62"
"GB";"ENG";"Lees";12938;161;"DE6"
"GB";"ENG";"Lees";12938;161;"OL4"
"GB";"ENG";"Stocksbridge";12909;114;"S36"
"GB";"ENG";"Bridgnorth";12893;1746;"WV16"
"GB";"ENG";"Dawlish";12814;1626;"EX7"
"GB";"WLS";"Pontardawe";12801;1792;"SA8"
"GB";"ENG";"Royal Wootton Bassett";12792;1793;"SN4"
"GB";"ENG";"Cudworth";12786;1226;"S72"
"GB";"ENG";"Cudworth";12786;1226;"TA19"
"GB";"ENG";"Kirkham";12774;1772;"PR4"
"GB";"ENG";"Catterick Garrison";12673;1748;"DL9"
"GB";"ENG";"Heckmondwike";12658;1924;"WF16"
"GB";"SCT";"Saltcoats";12640;1294;"KA21"
"GB";"ENG";"New Mills";12581;1663;"SK12"
"GB";"ENG";"New Mills";12581;1663;"TR2"
"GB";"ENG";"Mablethorpe";12577;1507;"LN12"
"GB";"ENG";"Little Lever";12556;1204;"BL3"
"GB";"SCT";"Armadale";12550;1501;"EH48"
"GB";"SCT";"Armadale";12550;1501;"IV45"
"GB";"SCT";"Armadale";12550;1501;"KW14"
"GB";"ENG";"Guiseley";12545;1943;"LS20"
"GB";"ENG";"North Walsham";12514;1692;"NR28"
"GB";"ENG";"Tavistock";12504;1822;"PL19"
"GB";"ENG";"Wellington";12497;1823;"CA20"
"GB";"ENG";"Wellington";12497;1823;"HR4"
"GB";"ENG";"Wellington";12497;1823;"TA21"
"GB";"ENG";"Wellington";12497;1823;"TF1"
"GB";"WLS";"Llandudno Junction";12496;1492;"LL31"
"GB";"WLS";"Chepstow";12451;1291;"NP16"
"GB";"ENG";"Walton-on-the-Naze";12429;1255;"CO14"
"GB";"ENG";"Hetton-le-Hole";12406;191;"DH5"
"GB";"ENG";"Blandford Forum";12362;1258;"DT11"
"GB";"SCT";"Giffnock";12300;141;"G46"
"GB";"SCT";"Westhill";12290;1224;"AB32"
"GB";"SCT";"Westhill";12290;1224;"IV1"
"GB";"ENG";"Tring";12267;1442;"HP23"
"GB";"ENG";"Market Drayton";12218;1630;"TF9"
"GB";"ENG";"Littleborough";12148;1706;"DN22"
"GB";"ENG";"Littleborough";12148;1706;"OL15"
"GB";"SCT";"Tranent";12140;1875;"EH33"
"GB";"ENG";"Halstead";12127;1787;"CO9"
"GB";"ENG";"Halstead";12127;1787;"LE7"
"GB";"ENG";"Halstead";12127;1787;"TN14"
"GB";"ENG";"Todmorden";12115;1706;"OL14"
"GB";"SCT";"Montrose";12100;1674;"DD10"
"GB";"NIR";"Limavady";12047;28;"BT49"
"GB";"ENG";"Minehead";12043;1643;"TA24"
"GB";"ENG";"Bolsover";12014;1246;"S44"
"GB";"ENG";"Thorne";11971;1405;"DN8"
"GB";"ENG";"Lymm";11950;1925;"WA13"
"GB";"ENG";"Downham Market";11937;1366;"PE38"
"GB";"ENG";"Thornbury";11919;1454;"EX22"
"GB";"ENG";"Thornbury";11919;1454;"HR7"
"GB";"ENG";"Cleckheaton";11901;1274;"BD19"
"GB";"ENG";"Sandown";11899;1983;"PO36"
"GB";"ENG";"Southwick";11876;1273;"BA14"
"GB";"ENG";"Southwick";11876;1273;"BN42"
"GB";"ENG";"Southwick";11876;1273;"PE8"
"GB";"ENG";"Southwick";11876;1273;"PO17"
"GB";"ENG";"Southwick";11876;1273;"SR5"
"GB";"WLS";"Sarn Aberkenfig";11848;1656;"CF32"
"GB";"WLS";"Bargoed";11825;1443;"CF81"
"GB";"ENG";"Helston";11818;1326;"TR13"
"GB";"ENG";"Sandy";11777;1767;"SG19"
"GB";"ENG";"Haxby";11771;1904;"YO32"
"GB";"ENG";"Shirebrook";11750;1623;"NG20"
"GB";"ENG";"Ivybridge";11727;1752;"PL21"
"GB";"ENG";"Kimberley";11715;115;"NG16"
"GB";"ENG";"Kimberley";11715;115;"NR18"
"GB";"WLS";"Holyhead";11715;1407;"LL65"
"GB";"ENG";"Codsall";11674;1902;"WV8"
"GB";"ENG";"Barton-upon-Humber";11659;1652;"DN18"
"GB";"ENG";"Featherstone";11655;1977;"WF7"
"GB";"ENG";"Featherstone";11655;1977;"WV10"
"GB";"SCT";"Cowdenbeath";11640;1383;"KY4"
"GB";"ENG";"Henley-on-Thames";11633;1491;"RG9"
"GB";"ENG";"Woodbridge";11628;1394;"IP12"
"GB";"WLS";"Caldicot";11623;1291;"NP26"
"GB";"NIR";"Cookstown";11620;28;"BT80"
"GB";"ENG";"Gillingham";11585;1747;"ME7"
"GB";"ENG";"Gillingham";11585;1747;"NR34"
"GB";"ENG";"Gillingham";11585;1747;"SP8"
"GB";"ENG";"Thame";11571;1844;"OX9"
"GB";"ENG";"Snodland";11551;1634;"ME6"
"GB";"ENG";"Attleborough";11518;1953;"CV11"
"GB";"ENG";"Attleborough";11518;1953;"NR17"
"GB";"ENG";"Honiton";11516;1404;"EX14"
"GB";"ENG";"Desbrorough";11445;1536;"NN14"
"GB";"ENG";"Leominster";11417;1568;"HR6"
"GB";"ENG";"Oswaldtwistle";11393;1254;"BB5"
"GB";"ENG";"Southborough";11380;1892;"TN4"
"GB";"ENG";"Hexham";11371;1434;"NE46"
"GB";"ENG";"Ross-on-Wye";11360;1989;"HR9"
"GB";"SCT";"Carnoustie";11360;1241;"DD7"
"GB";"ENG";"Ulverston";11358;1229;"LA12"
"GB";"NIR";"Holywood";11332;28;"BT18"
"GB";"WLS";"Newtown";11319;1686;"SY16"
"GB";"ENG";"Atherstone";11312;1827;"CV9"
"GB";"ENG";"Tidworth";11304;1980;"SP9"
"GB";"ENG";"Cinderford";11302;1594;"GL14"
"GB";"ENG";"Kearsley";11289;1204;"BL4"
"GB";"WLS";"Mountain Ash";11289;1443;"CF45"
"GB";"SCT";"Largs";11260;1475;"KA30"
"GB";"ENG";"Cheadle";11223;1538;"SK8"
"GB";"ENG";"Cheadle";11223;1538;"ST10"
"GB";"ENG";"Epping";11185;1992;"CM16"
"GB";"SCT";"Stonehaven";11170;1569;"AB39"
"GB";"ENG";"Wetherby";11166;1937;"LS22"
"GB";"ENG";"Amesbury";11149;1980;"SP4"
"GB";"ENG";"Oakham";11136;1572;"LE15"
"GB";"ENG";"Mossley";11103;1457;"OL5"
"GB";"ENG";"Ilfracombe";11068;1271;"EX34"
"GB";"ENG";"Immingham";11056;1469;"DN40"
"GB";"SCT";"Larbert";11050;1324;"FK5"
"GB";"ENG";"Prudhoe";11035;1661;"NE42"
"GB";"ENG";"Wells";11035;1749;"BA5"
"GB";"ENG";"Chigwell";11034;20;"IG7"
"GB";"ENG";"Chatteris";11000;1354;"PE16"
"GB";"ENG";"South Elmsall";10991;1977;"WF9"
"GB";"ENG";"Banstead";10931;1737;"SM7"
"GB";"NIR";"Downpatrick";10874;28;"BT30"
"GB";"SCT";"Whitburn";10860;1501;"EH47"
"GB";"ENG";"Kingsteignton";10857;1626;"TQ12"
"GB";"ENG";"Great Harwood";10851;1254;"BB6"
"GB";"ENG";"Hoylake";10840;151;"CH47"
"GB";"ENG";"Annfield Plain";10808;1207;"DH9"
"GB";"ENG";"Diss";10800;1379;"IP22"
"GB";"ENG";"Diss";10800;1379;"IP98"
"GB";"SCT";"Methil";10800;1333;"KY8"
"GB";"ENG";"Northam";10782;1237;"EX39"
"GB";"ENG";"Northam";10782;1237;"SO14"
"GB";"WLS";"Abertillery";10774;1495;"NP13"
"GB";"ENG";"Cleveleys";10732;1253;"FY5"
"GB";"ENG";"Catshill";10718;1527;"B61"
"GB";"ENG";"Penistone";10693;1226;"S36"
"GB";"ENG";"Shepton Mallet";10689;1749;"BA4"
"GB";"ENG";"Baldock";10670;1462;"SG7"
"GB";"SCT";"Ardrossan";10670;1294;"KA22"
"GB";"ENG";"Swanage";10624;1929;"BH19"
"GB";"ENG";"New Ollerton";10623;1623;"NG22"
"GB";"ENG";"Platts Bridge";10614;1942;"WN2"
"GB";"ENG";"Royston";10613;1763;"S71"
"GB";"ENG";"Royston";10613;1763;"SG8"
"GB";"ENG";"Sawbridgeworth";10607;1279;"CM21"
"GB";"ENG";"Waltham Cross";10595;1992;"EN8"
"GB";"ENG";"Polegate";10576;1323;"BN26"
"GB";"WLS";"Ystradgynlais";10559;1639;"SA9"
"GB";"ENG";"Thirsk";10554;1845;"YO7"
"GB";"ENG";"Ludlow";10537;1584;"SY8"
"GB";"ENG";"Lutterworth";10528;1455;"LE17"
"GB";"ENG";"Horbury";10501;1924;"WF4"
"GB";"ENG";"Selsey";10486;1243;"PO20"
"GB";"WLS";"Monmouth";10486;1600;"NP25"
"GB";"ENG";"Ponteland";10480;1661;"NE20"
"GB";"SCT";"Prestonpans";10410;1875;"EH32"
"GB";"ENG";"St Blazey";10397;1726;"PL24"
"GB";"NIR";"Ballymoney";10393;28;"BT53"
"GB";"SCT";"Gourock";10350;1475;"PA19"
"GB";"ENG";"North Ascot";10324;1344;"SL5"
"GB";"ENG";"Penryn";10321;1326;"TR10"
"GB";"SCT";"Stranraer";10320;1776;"DG9"
"GB";"ENG";"Chadwell St Mary";10282;1375;"RM16"
"GB";"ENG";"Brierfield";10257;1282;"BB10"
"GB";"ENG";"Barnoldswick";10241;1282;"BB18"
"GB";"ENG";"Barnoldswick";10241;1282;"BB8"
"GB";"ENG";"Milnrow";10224;1706;"OL16"
"GB";"ENG";"Bingham";10220;1949;"NG13"
"GB";"SCT";"Ellon";10200;1358;"AB41"
"GB";"ENG";"Cranleigh";10181;1483;"GU6"
"GB";"ENG";"Soham";10176;1353;"CB7"
"GB";"ENG";"Westergate";10153;1243;"PO20"
"GB";"WLS";"Mold";10142;1352;"CH7"
"GB";"ENG";"Radstock";10117;1761;"BA3"
"GB";"SCT";"Forres";10100;1309;"IV36"
"GB";"SCT";"Kilsyth";10080;1236;"G65"
"GB";"ENG";"Cambourne";10076;1954;"CB23"
"GB";"SCT";"Dalgety Bay";10050;1383;"KY11"
"GB";"ENG";"Whitchurch";9968;1948;"BS14"
"GB";"ENG";"Whitchurch";9968;1948;"HP22"
"GB";"ENG";"Whitchurch";9968;1948;"HR9"
"GB";"ENG";"Whitchurch";9968;1948;"PL19"
"GB";"ENG";"Whitchurch";9968;1948;"RG28"
"GB";"ENG";"Whitchurch";9968;1948;"RG8"
"GB";"ENG";"Whitchurch";9968;1948;"SY13"
"GB";"ENG";"Brandon";9967;1842;"CV8"
"GB";"ENG";"Brandon";9967;1842;"DH7"
"GB";"ENG";"Brandon";9967;1842;"IP27"
"GB";"ENG";"Brandon";9967;1842;"NE66"
"GB";"ENG";"Brandon";9967;1842;"NG32"
"GB";"SCT";"Nairn";9960;1667;"IV12"
"GB";"ENG";"New Romney";9941;1797;"TN28"
"GB";"ENG";"Polesworth";9931;1827;"B78"
"GB";"ENG";"Woodingdean";9931;1273;"BN2"
"GB";"NIR";"Ballyclare";9919;28;"BT39"
"GB";"ENG";"Sandiacre";9911;115;"NG10"
"GB";"WLS";"Holywell";9911;1352;"CH8"
"GB";"ENG";"Shildon";9908;1388;"DL4"
"GB";"ENG";"Adlington";9868;1257;"BL6"
"GB";"ENG";"Adlington";9868;1257;"SK10"
"GB";"SCT";"Clarkston";9860;141;"G76"
"GB";"ENG";"North Walney";9838;1229;"LA14"
"GB";"ENG";"Sherborne";9815;1935;"DT9"
"GB";"ENG";"Sherborne";9815;1935;"GL54"
"GB";"WLS";"Caernarfon";9815;1286;"LL55"
"GB";"SCT";"Stenhousemuir";9740;1324;"FK5"
"GB";"ENG";"Kippax";9731;113;"LS25"
"GB";"ENG";"Towcester";9721;1327;"NN12"
"GB";"WLS";"Pembroke Dock";9716;1646;"SA72"
"GB";"ENG";"Bulford Camp";9701;1980;"SP4"
"GB";"ENG";"Warlingham";9679;1883;"CR6"
"GB";"ENG";"St Ives";9650;1736;"BH24"
"GB";"ENG";"St Ives";9650;1736;"TR26"
"GB";"WLS";"Newbridge";9640;1495;"SA62"
"GB";"ENG";"Bradford on Avon";9638;1225;"BA15"
"GB";"WLS";"Tonyrefail";9579;1443;"CF39"
"GB";"ENG";"Crook";9546;1388;"DL15"
"GB";"ENG";"Crook";9546;1388;"LA8"
"GB";"WLS";"Kinmel Bay";9544;1745;"LL22"
"GB";"ENG";"Maryport";9517;1900;"CA15"
"GB";"ENG";"Brandon";9484;1842;"CV8"
"GB";"ENG";"Brandon";9484;1842;"DH7"
"GB";"ENG";"Brandon";9484;1842;"IP27"
"GB";"ENG";"Brandon";9484;1842;"NE66"
"GB";"ENG";"Brandon";9484;1842;"NG32"
"GB";"ENG";"Wideopen";9467;191;"NE13"
"GB";"ENG";"Burton Latimer";9459;1536;"NN15"
"GB";"ENG";"Liskeard";9453;1579;"PL14"
"GB";"ENG";"Ferryhill";9445;1740;"DL17"
"GB";"ENG";"Watton";9417;1953;"IP25"
"GB";"ENG";"Watton";9417;1953;"YO25"
"GB";"ENG";"Yaxley";9412;1733;"IP23"
"GB";"ENG";"Yaxley";9412;1733;"PE7"
"GB";"SCT";"Dunblane";9410;1786;"FK15"
"GB";"ENG";"Killamarsh";9391;114;"S21"
"GB";"ENG";"Market Warsop";9386;1623;"NG20"
"GB";"ENG";"Cockermouth";9382;1900;"CA13"
"GB";"ENG";"Hemsworth";9350;1977;"WF9"
"GB";"SCT";"South Queensferry";9350;131;"EH30"
"GB";"WLS";"Pencoed";9342;1656;"CF35"
"GB";"ENG";"North Wingfield";9336;1246;"S42"
"GB";"WLS";"Abergele";9333;1745;"LL22"
"GB";"WLS";"Pontarddulais";9316;1792;"SA4"
"GB";"ENG";"Sileby";9314;1509;"LE12"
"GB";"WLS";"Pontllanfraith";9291;1495;"NP12"
"GB";"ENG";"Worsbrough";9259;1226;"S70"
"GB";"SCT";"Stevenston";9230;1294;"KA20"
"GB";"ENG";"Shanklin";9229;1983;"PO37"
"GB";"ENG";"Frodsham";9227;1928;"WA6"
"GB";"ENG";"Tiptree";9220;1621;"CO5"
"GB";"ENG";"Lydney";9209;1594;"GL15"
"GB";"ENG";"Southwater";9206;1403;"RH13"
"GB";"ENG";"Ledbury";9202;1531;"HR8"
"GB";"ENG";"Worsley";9178;161;"M28"
"GB";"SCT";"Haddington";9130;1620;"EH41"
"GB";"ENG";"Aveley";9107;1708;"RM15"
"GB";"SCT";"Portlethen";9090;1224;"AB12"
"GB";"NIR";"Comber";9078;28;"BT23"
"GB";"SCT";"Bonhill";9050;1389;"G83"
"GB";"SCT";"Lanark";9050;1555;"ML11"
"GB";"SCT";"Leven";9040;1333;"KY8"
"GB";"SCT";"Dunbar";9030;1368;"EH42"
"GB";"SCT";"Blairgowrie";9020;1250;"PH10"
"GB";"SCT";"Cupar";9020;1334;"KY15"
"GB";"ENG";"Longton";9002;1782;"PR4"
"GB";"ENG";"Longton";9002;1782;"ST3"
"GB";"ENG";"Thurnscoe";8987;1709;"S63"
"GB";"ENG";"Pocklington";8972;1759;"YO42"
"GB";"ENG";"Burscough";8960;1704;"L40"
"GB";"ENG";"Broughton Astley";8950;1455;"LE9"
"GB";"SCT";"Peebles";8940;1721;"EH45"
"GB";"ENG";"Caister-on-Sea";8898;1493;"NR30"